site_id;abri_id;abri_typ;url_photo_abri
262;2;Planche;https://www.qubs.fr/upload/medias/16826643461926297075490862097172-644b6bb256816143193074.jpg
268;5;Planche;https://www.qubs.fr/upload/medias/343259974-972125190818003-9166246327881464927-n-644b7eaf53c9c494670259.jpg
276;7;Coupelle;https://www.qubs.fr/upload/medias/20230428-112946-644b92c8acaf0299429587.jpg
279;8;Planche;https://www.qubs.fr/upload/medias/img20230428113812-644b9424051bb957380799.jpg
295;18;Coupelle;https://www.qubs.fr/upload/medias/4a0d5ea0-e7a7-401f-913c-16d7b5ebf61e-644ba87c235d8642067039.jpeg
250;17;Planche;https://www.qubs.fr/upload/medias/20230428-114111-644ba783f1091882780108.jpg
307;20;Planche;https://www.qubs.fr/upload/medias/16826897361636329962943411642253-644bcf006e856467622545.jpg
309;22;Coupelle;https://www.qubs.fr/upload/medias/dsc00005-644bdb8e6ded2442892552.jpg
306;21;Coupelle;https://www.qubs.fr/upload/medias/img-20230428-153730-644bd47d54a7d048589786.jpg
328;29;Coupelle;https://www.qubs.fr/upload/medias/image-644c013263945397087233.jpg
336;30;Coupelle;https://www.qubs.fr/upload/medias/16827089577083180762248575587316-644c19f7aee2d819256552.jpg
357;32;Planche;https://www.qubs.fr/upload/medias/1682750579493-644cbc9799c38374281977.jpg
312;33;Coupelle;https://www.qubs.fr/upload/medias/16827518787282703563876978524867-644cc20ece245045688615.jpg
362;34;Planche;https://www.qubs.fr/upload/medias/20230429-093816-644cc9ff3b1dc925286795.jpg
369;35;Planche;https://www.qubs.fr/upload/medias/img-20230429-074621-644cd3803101c204219746.jpg
360;37;Coupelle;https://www.qubs.fr/upload/medias/pxl-20230429-061500072-644cdf66c6e8f210008400.jpg
373;40;Planche;https://www.qubs.fr/upload/medias/img-20230429-111658-644ce153c9cde885655193.jpg
376;41;Coupelle;https://www.qubs.fr/upload/medias/16827601157317037601945172247046-644ce1d7ef955396367623.jpg
375;42;Coupelle;https://www.qubs.fr/upload/medias/img-20230429-112115-644ce2ca299b6041552556.jpg
303;38;Planche;https://www.qubs.fr/upload/medias/16827595568256147022300245898015-644cdfd8ece5e652237712.jpg
337;45;Coupelle;https://www.qubs.fr/upload/medias/img-20230429-114124-644ce812474d2135819434.jpg
343;46;Planche;https://www.qubs.fr/upload/medias/escargot-1-644cf03f46bd9325051588.jpg
404;55;Coupelle;https://www.qubs.fr/upload/medias/29-04-2023-16h45-644d2dd4ef646414316522.jpg
405;58;Planche;https://www.qubs.fr/upload/medias/dsc00462-644d368b69b3e338355677.jpg
403;54;Planche;https://www.qubs.fr/upload/medias/planche-644d2b85a4de5527065418.jpg
414;60;Planche;https://www.qubs.fr/upload/medias/20230429-191314-644d5089330ab385631511.jpg
419;62;Coupelle;https://www.qubs.fr/upload/medias/image-644d53f63d4c1334338916.jpg
430;65;Planche;https://www.qubs.fr/upload/medias/pxl-20230429-143525289-644d999ac6c9b245775345.jpg
440;67;Coupelle;https://www.qubs.fr/upload/medias/qubs-644e2190431b9583794515.jpg
271;6;Planche;https://www.qubs.fr/upload/medias/2023-04-2810-21-038598703902470924896-644b820de1672755481911.jpg
448;69;Planche;https://www.qubs.fr/upload/medias/16828504873736369991841837590459-644e42ce6edf0203844270.jpg
451;74;Coupelle;https://www.qubs.fr/upload/medias/image-644e4ee2bc517008264381.jpg
471;80;Planche;https://www.qubs.fr/upload/medias/16828656743918802024844662385159-644e7e2f4080e145872567.jpg
482;89;Coupelle;https://www.qubs.fr/upload/medias/16828732892744786833095665254574-644e9c1dab43e401903406.jpg
495;95;Coupelle;https://www.qubs.fr/upload/medias/20230429-135546-644eca0a43b1a204954452.jpg
446;68;Planche;https://www.qubs.fr/upload/medias/16828495595043730260443876259294-644e3f544fabe434180752.jpg
473;81;Coupelle;https://www.qubs.fr/upload/medias/20230430-171310-644e86fd6ed56359842451.jpg
518;97;Planche;https://www.qubs.fr/upload/medias/img-20230501-102640-644f77db727dd272540539.jpg
318;26;Planche;https://www.qubs.fr/upload/medias/20230428-182231-1-644bf3d58b8d1556721095.jpg
531;108;Planche;https://www.qubs.fr/upload/medias/dscn3579-644fbc086cb25476081785.jpg
543;113;Coupelle;https://www.qubs.fr/upload/medias/img-4119-1-644fc7c99876a356784625.jpg
548;117;Coupelle;https://www.qubs.fr/upload/medias/image-644fd9886db85672297385.jpg
549;118;Planche;https://www.qubs.fr/upload/medias/20230501-172607-644fda40c40ed503864902.jpg
551;120;Planche;https://www.qubs.fr/upload/medias/img-6687-644fe8262be24175743918.jpeg
546;121;Planche;https://www.qubs.fr/upload/medias/20230430-113711-1-644fea1a85889264712717.jpg
557;126;Coupelle;https://www.qubs.fr/upload/medias/c06fedb3-2d05-46cc-8b4c-47be9a49658e-644ffef7558ab626352032.jpeg
534;127;Planche;https://www.qubs.fr/upload/medias/img-20230501-150010-645025786198c566483539.jpg
564;131;Coupelle;https://www.qubs.fr/upload/medias/psx-20230502-004011-645040429ad0a437291831.jpg
566;137;Coupelle;https://www.qubs.fr/upload/medias/16830187921407659244026460856436-6450d469adb6a542801517.jpg
583;144;Coupelle;https://www.qubs.fr/upload/medias/img-2023-05-02-13-28-43-599-645104237a5ca236469417.jpg
460;78;Planche;https://www.qubs.fr/upload/medias/20230430-145635-644e6600796db380338880.jpg
622;149;Planche;https://www.qubs.fr/upload/medias/20230503-174858-6452844a3732f642867398.jpg
652;155;Planche;https://www.qubs.fr/upload/medias/20230505-120906-6454d5e2b507e220244167.jpg
653;154;Coupelle;https://www.qubs.fr/upload/medias/pxl-20230505-100204247-6454d57f3540b487003429.jpg
658;162;Planche;https://www.qubs.fr/upload/medias/img-6849-645530a0d9b3d419032863.jpeg
671;165;Planche;https://www.qubs.fr/upload/medias/escargot-6456630e9a6a1869656441.jpg
675;167;Coupelle;https://www.qubs.fr/upload/medias/20230506-183013-645680c48e5f4079167713.jpg
521;98;Coupelle;https://www.qubs.fr/upload/medias/56a2772b-0693-4bea-94fb-0b62d1e74a4c-644f808f2af12629899661.jpeg
676;169;Planche;https://www.qubs.fr/upload/medias/image-64574ecb252f0479347495.jpg
679;170;Planche;https://www.qubs.fr/upload/medias/20230507-101515-1-64575eeac4951534949510.jpg
661;172;Coupelle;https://www.qubs.fr/upload/medias/20230507-130912-6457887a5e998027634709.jpg
684;173;Coupelle;https://www.qubs.fr/upload/medias/pxl-20230507-114910534-6457915a1075b079203646.jpg
681;171;Coupelle;https://www.qubs.fr/upload/medias/coupelle-entre-deux-buissons-645787b4cabb8575464647.jpeg
690;175;Planche;https://www.qubs.fr/upload/medias/20230507-165925-6457bd6f5d555119114398.jpg
691;176;Planche;https://www.qubs.fr/upload/medias/20230507-171523-6457c2fe8d13f166467842.jpg
700;181;Coupelle;https://www.qubs.fr/upload/medias/20230508-102331-1-6458b2f3af63a957879622.jpg
712;188;Coupelle;https://www.qubs.fr/upload/medias/coupelle-6459f81846ceb938056805.jpg
721;190;Planche;https://www.qubs.fr/upload/medias/345708232-6104118359637467-720088463707017990-n-645a964048f6b113559136.jpg
294;13;Planche;https://www.qubs.fr/upload/medias/20230428-120751-644b9f1c0e035409554956.jpg
738;204;Coupelle;https://www.qubs.fr/upload/medias/6792a5e3-359d-4b7a-a714-0c0951f29fd2-645bdad5aaf48912713345.jpeg
260;205;Planche;https://www.qubs.fr/upload/medias/img-20230510-180454257-645be820afd8f214771388.jpg
740;206;Coupelle;https://www.qubs.fr/upload/medias/dscf7185-645ca1daf39a0103308207.jpg
745;209;Coupelle;https://www.qubs.fr/upload/medias/16838238643163226866763568368332-645d1d0fe7dad251489177.jpg
733;200;Planche;https://www.qubs.fr/upload/medias/img-20230510-154702-645ba09628892329719557.jpg
749;212;Coupelle;https://www.qubs.fr/upload/medias/coupelle-645de63be8e4f634154466.jpg
763;218;Coupelle;https://www.qubs.fr/upload/medias/dsc-0300-645f5a630f7c4770821382.jpg
776;219;Planche;https://www.qubs.fr/upload/medias/received-5286898204723622-645f7183c64d0447127006.jpeg
261;220;Coupelle;https://www.qubs.fr/upload/medias/img-20230513-120831366-645f75ad269d0716359810.jpg
793;224;Coupelle;https://www.qubs.fr/upload/medias/16840444573755201935489927867147-64607ac544402049614055.jpg
791;229;Coupelle;https://www.qubs.fr/upload/medias/7085ae65-06ab-421e-935e-50cde7e1847f-6460b338e3f3a721542564.jpeg
797;231;Planche;https://www.qubs.fr/upload/medias/16840616031736916089640723085236-6460bdb97ef71472655107.jpg
692;182;Planche;https://www.qubs.fr/upload/medias/20230507-175959-6458b322ded10515766493.jpg
812;234;Coupelle;https://www.qubs.fr/upload/medias/image-6460ea525fae3403771158.jpg
659;201;Planche;https://www.qubs.fr/upload/medias/20230510-141017-645ba3ffc0c88732333728.jpg
660;202;Planche;https://www.qubs.fr/upload/medias/20230509-140605-645ba4929b174722180582.jpg
813;235;Planche;https://www.qubs.fr/upload/medias/20230505-154931-6460ed7990d6f510724056.jpg
835;251;Planche;https://www.qubs.fr/upload/medias/20230505-092820-646208e192c62658530059.jpg
844;254;Planche;https://www.qubs.fr/upload/medias/img-20220508-135437-64621980588f4242320598.jpg
843;252;Planche;https://www.qubs.fr/upload/medias/image-6462185518649405600140.jpg
848;255;Coupelle;https://www.qubs.fr/upload/medias/20230515-135145-64621ed60fe2c507860059.jpg
852;257;Coupelle;https://www.qubs.fr/upload/medias/escargot-6462253ce39af867899608.jpg
580;258;Planche;https://www.qubs.fr/upload/medias/abri1-646247aeb5353720524875.jpg
856;261;Planche;https://www.qubs.fr/upload/medias/abri2-64624d849e549363866335.jpg
864;262;Planche;https://www.qubs.fr/upload/medias/20230515-183127-1-64625f78e6c7e094194943.jpg
863;263;Planche;https://www.qubs.fr/upload/medias/20230515-181627-64626198f3937834689760.jpg
872;267;Planche;https://www.qubs.fr/upload/medias/img-0032-646272a5c686a054931074.jpeg
837;271;Coupelle;https://www.qubs.fr/upload/medias/20230515-161444-64628455dbe29170322341.jpg
878;273;Coupelle;https://www.qubs.fr/upload/medias/b4aa124c-b671-40a4-ab9c-46bc3e280bba-646286a8c6bd2080761594.jpeg
876;272;Coupelle;https://www.qubs.fr/upload/medias/20230515-194300-64628674bb0eb421309580.jpg
887;274;Planche;https://www.qubs.fr/upload/medias/img-20230516-025354-6462d7674e8a2250199873.jpg
890;275;Coupelle;https://www.qubs.fr/upload/medias/abri-escargots-64632ab722d75503191050.jpg
902;277;Coupelle;https://www.qubs.fr/upload/medias/image-6463aa0c0a91e869989719.jpg
912;282;Coupelle;https://www.qubs.fr/upload/medias/16843103436617432468189554978491-646489607b372133389612.jpg
410;283;Coupelle;https://www.qubs.fr/upload/medias/image-64649b934b7f0135604257.jpg
850;256;Planche;https://www.qubs.fr/upload/medias/16841526720051338487734061986529-646221b5ddcf0983121563.jpg
936;287;Coupelle;https://www.qubs.fr/upload/medias/img-8174-6465f4ff08f36340285429.jpg
948;292;Planche;https://www.qubs.fr/upload/medias/planche-1-646622822a400221310210.png
949;293;Planche;https://www.qubs.fr/upload/medias/img-0537-6466254d7910b147712177.jpg
950;299;Planche;https://www.qubs.fr/upload/medias/image-64663e51d8cb5394872199.jpg
956;300;Coupelle;https://www.qubs.fr/upload/medias/img-20230518-185012-6466582a72b01951432278.jpg
959;304;Planche;https://www.qubs.fr/upload/medias/image-6466766742249016408498.jpg
965;307;Planche;https://www.qubs.fr/upload/medias/20230519-141943-646769998ab53444766061.jpg
938;310;Planche;https://www.qubs.fr/upload/medias/img-4332-646866c303db3412165755.jpeg
972;314;Coupelle;https://www.qubs.fr/upload/medias/1684586371361232967959555393726-6468bfd477f53300311439.jpg
998;316;Coupelle;https://www.qubs.fr/upload/medias/img-20210425-172524-646b6688295bf650239027.jpg
792;319;Coupelle;https://www.qubs.fr/upload/medias/e9160401-b057-4de8-ab47-b7443b0444a9-646bafaddc148857230452.jpeg
1013;320;Planche;https://www.qubs.fr/upload/medias/16848612542715403536538953536751-646cf173c7ce3670385766.jpg
1016;323;Coupelle;https://www.qubs.fr/upload/medias/image-646dc8a3d1dc7465888520.jpg
1019;324;Planche;https://www.qubs.fr/upload/medias/16849242281388625496918054090424-646de76fea53a632167641.jpg
1022;325;Planche;https://www.qubs.fr/upload/medias/20230524-143932-1-646e0626de7e0233040777.jpg
1026;327;Planche;https://www.qubs.fr/upload/medias/img-20230515-182237487-646fb7dd92f9e088472868.jpg
1023;328;Planche;https://www.qubs.fr/upload/medias/img-20230526-182841-6470df44c31c5359050608.jpg
1035;329;Coupelle;https://www.qubs.fr/upload/medias/image-6471b5aff402e092025833.jpg
475;87;Coupelle;https://www.qubs.fr/upload/medias/img-20230430-175220-644e90c2b1134326139404.jpg
1037;333;Coupelle;https://www.qubs.fr/upload/medias/16851960959807403126519352387790-64720d650a651078512184.jpg
1038;334;Coupelle;https://www.qubs.fr/upload/medias/16852847852393170154969407897321-64736873ab00e426206430.jpg
1043;338;Planche;https://www.qubs.fr/upload/medias/potager-6475cb5b456eb389974881.jpg
455;76;Planche;https://www.qubs.fr/upload/medias/20230430-140318-644e5bde2e4fb251582471.jpg
582;341;Planche;https://www.qubs.fr/upload/medias/img-1226-64773fd0eb0ed946989604.jpg
572;134;Coupelle;https://www.qubs.fr/upload/medias/img-3730-6450b1bf26a4f569205385.jpeg
1049;343;Planche;https://www.qubs.fr/upload/medias/image-647a29368ab7f410816979.jpg
1053;344;Coupelle;https://www.qubs.fr/upload/medias/escargots-lyon-03-06-2023-abri-camelias-7-647b1bfca030b047393258.jpg
1054;345;Coupelle;https://www.qubs.fr/upload/medias/20230603-140914-647b2ddf5b20b273856874.jpg
1055;346;Coupelle;https://www.qubs.fr/upload/medias/image-6487327-647b2ebfe6010446225259.jpg
645;160;Planche;https://www.qubs.fr/upload/medias/pica0319-64552e473b07d906282867.jpg
407;57;Coupelle;https://www.qubs.fr/upload/medias/16827814069443962558776358034020-644d356d91d8b907850722.jpg
1065;349;Planche;https://www.qubs.fr/upload/medias/image-647f535cb643f908604950.jpg
1066;350;Coupelle;https://www.qubs.fr/upload/medias/pxl-20230130-102741477-647f67dd07837358301226.jpg
1045;340;Planche;https://www.qubs.fr/upload/medias/telechargement-club-biod-6476f65e923ae912238294.jfif
588;352;Planche;https://www.qubs.fr/upload/medias/img-20230507-172915-648198d798cc9592033020.jpg
725;193;Planche;https://www.qubs.fr/upload/medias/p1090078-645aa3e3b86c9696597512.jpg
667;163;Coupelle;https://www.qubs.fr/upload/medias/20230506-114941-6456249cd9c5c928935943.jpg
991;355;Coupelle;https://www.qubs.fr/upload/medias/img-9979-6486d62f42edd038720057.jpg
715;213;Planche;https://www.qubs.fr/upload/medias/img-20230511-174911-645df9ebcdab5879216064.jpg
1080;359;Planche;https://www.qubs.fr/upload/medias/352780755-591382356501640-1501496761547064063-n-6489b3760657e088778310.jpg
1084;361;Planche;https://www.qubs.fr/upload/medias/20230615-183948-648b715884590212838892.jpg
892;285;Planche;https://www.qubs.fr/upload/medias/c44ed87d-daef-4806-bd97-25a7320dc413-6465cfb68be40297010019.jpeg
1088;362;Coupelle;https://www.qubs.fr/upload/medias/image-648f21973bfaf658592108.jpg
1089;363;Planche;https://www.qubs.fr/upload/medias/img-1440-648f59961a20f196105009.jpeg
1095;368;Planche;https://www.qubs.fr/upload/medias/screenshot-2023-05-05-18-42-52-68-99c04817c0de5652397fc8b56c3b3817-6491e20850e1f589772851.jpg
1074;369;Coupelle;https://www.qubs.fr/upload/medias/2023-06-2021-12-047246655061057375784-6491fa20989cb668129589.jpg
1101;377;Coupelle;https://www.qubs.fr/upload/medias/20230622-214916-6494a61e565ec164271279.jpg
1057;378;Planche;https://www.qubs.fr/upload/medias/1687888844973838323681870726355-649b23e40ad82716639101.jpg
1116;379;Coupelle;https://www.qubs.fr/upload/medias/20230626-101109-649c526a9d396788751694.jpg
1091;367;Planche;https://www.qubs.fr/upload/medias/imgp0051-64902d8e06464640990786.jpg
577;136;Coupelle;https://www.qubs.fr/upload/medias/qubs-operation-escargots-2023-site-de-la-coupelle-6450cb1356cbe778160990.jpg
1127;381;Planche;https://www.qubs.fr/upload/medias/img-20230615-133526-64a2ede77da1e977705912.jpg
1140;385;Coupelle;https://www.qubs.fr/upload/medias/image-64abfdfbbfdcf997488698.jpg
1141;386;Planche;https://www.qubs.fr/upload/medias/20230710-105954-64ac177dd53b9012490554.jpg
1135;387;Coupelle;https://www.qubs.fr/upload/medias/20230713-120623-64aff109702af979786725.jpg
933;295;Planche;https://www.qubs.fr/upload/medias/16844193842515966075311635380950-6466334f9ab6c452941124.jpg
1159;389;Planche;https://www.qubs.fr/upload/medias/16894504791427132774180756700792-64b2f816a83ba600172571.jpg
1206;403;Coupelle;https://www.qubs.fr/upload/medias/img-0505-64c927a125851707878570.jpg
730;404;Coupelle;https://www.qubs.fr/upload/medias/pxl-20230807-093007773-64d0bf1ec1a86413516555.jpg
937;406;Coupelle;https://www.qubs.fr/upload/medias/20230814-153910-64da354c8dc07410411835.jpg
1215;408;Coupelle;https://www.qubs.fr/upload/medias/20230814-115032-64db4d146ce29493542464.jpg
1179;391;Planche;https://www.qubs.fr/upload/medias/1690185018080-64be2daaad34e889875605.jpg
1181;393;Planche;https://www.qubs.fr/upload/medias/dsc08079-64bed1c705df6363036881.jpg
1194;395;Planche;https://www.qubs.fr/upload/medias/dsc08077-64bed5a143eac963056645.jpg
1228;410;Coupelle;https://www.qubs.fr/upload/medias/img-20230827-105353-1-64eb35a93be1d327579385.jpg
1201;402;Coupelle;https://www.qubs.fr/upload/medias/img-0001-64c4d91b42a44949739106.jpg
1248;413;Planche;https://www.qubs.fr/upload/medias/planche-a-escargots-65096ef4c2c71548290046.jpg
1250;414;Planche;https://www.qubs.fr/upload/medias/20230920-175140-1-650b15bb55374703207523.jpg
1291;419;Planche;https://www.qubs.fr/upload/medias/1697889944838-6533bf1b3100e223802847.jpeg
1260;420;Planche;https://www.qubs.fr/upload/medias/img-9068-653e6a9b33274768806424.jpeg
1316;423;Coupelle;https://www.qubs.fr/upload/medias/zone-abri-escargot-6543cdff1fb4a014852466.jpg
1318;424;Planche;https://www.qubs.fr/upload/medias/fullsizerender-65464a5958f8b532996398.jpg
1290;417;Coupelle;https://www.qubs.fr/upload/medias/16973740904851307202128829227545-652bdfdbb67a1205425220.jpg
