"participation_id";"url_photo_collecte";"taxon";"taxon_valide";"taxon_ne_sait_pas";"taxon_pas_dans_liste";"url_photo_taxon_dessus";"url_photo_taxon_dessous";"url_photo_taxon_cote";"commentaire_releve"
"209";"https://www.qubs.fr/upload/medias/20230428-082955-644b6c985f685316555216.jpg";NA;"0";"1";"0";"https://www.qubs.fr/upload/medias/20230428-082949-644b6c985db56307372720.jpg";NA;NA;""
"212";"https://www.qubs.fr/upload/medias/img20230428115141-644b9c864d909049142943.jpg";NA;"0";"1";"0";"https://www.qubs.fr/upload/medias/img20230428114755-644b9c864289f788123256.jpg";"https://www.qubs.fr/upload/medias/img20230428120310-644b9c864329f533499716.jpg";"https://www.qubs.fr/upload/medias/img20230428120317-644b9c86438df960764679.jpg";""
"212";"https://www.qubs.fr/upload/medias/img20230428115141-644b9c864d909049142943.jpg";NA;"0";"1";"0";"https://www.qubs.fr/upload/medias/img20230428120516-644b9c864449c864664263.jpg";NA;"https://www.qubs.fr/upload/medias/img20230428120832-644b9c8644bfa682309115.jpg";""
"212";"https://www.qubs.fr/upload/medias/img20230428115141-644b9c864d909049142943.jpg";NA;"0";"1";"0";"https://www.qubs.fr/upload/medias/img20230428114816-644b9c86455d8035229161.jpg";NA;"https://www.qubs.fr/upload/medias/img20230428120736-644b9c8648f71443360817.jpg";""
"212";"https://www.qubs.fr/upload/medias/img20230428115141-644b9c864d909049142943.jpg";NA;"0";"1";"0";"https://www.qubs.fr/upload/medias/img20230428115827-644b9c8649a0e575810966.jpg";NA;"https://www.qubs.fr/upload/medias/img20230428120114-644b9c864a201601371935.jpg";""
"212";"https://www.qubs.fr/upload/medias/img20230428115141-644b9c864d909049142943.jpg";NA;"0";"1";"0";"https://www.qubs.fr/upload/medias/img20230428120000-644b9c864aa02511019038.jpg";NA;NA;""
"212";"https://www.qubs.fr/upload/medias/img20230428115141-644b9c864d909049142943.jpg";NA;"0";"1";"0";"https://www.qubs.fr/upload/medias/img20230428114839-644b9c864cf4f669095974.jpg";NA;NA;""
"213";"https://www.qubs.fr/upload/medias/7b037cce-5a9a-485b-9033-2937f4c72bd9-644ba9bd0be39020022511.jpeg";NA;"0";"1";"0";"https://www.qubs.fr/upload/medias/bd6a7ca8-2e07-4e8b-bd99-603c02ad704f-644ba9bd08ff9162453024.jpeg";"https://www.qubs.fr/upload/medias/d38981f2-2b95-4e86-9681-9e3d58bab285-644ba9bd0a644894124768.jpeg";NA;""
"214";"https://www.qubs.fr/upload/medias/20230428-114216-644baad9a584a690622468.jpg";"Le Bulime tronqué";"1";"0";"0";"https://www.qubs.fr/upload/medias/20230428-115843-1-644baad99adf7905252001.jpg";"https://www.qubs.fr/upload/medias/20230428-115742-1-644baad99be2d792337717.jpg";NA;"+ 1 blatte"
"214";"https://www.qubs.fr/upload/medias/20230428-114216-644baad9a584a690622468.jpg";"L'Elégante striée";"1";"0";"0";"https://www.qubs.fr/upload/medias/20230428-115613-644baad99d467424326059.jpg";"https://www.qubs.fr/upload/medias/20230428-115620-644baad9a079c215661620.jpg";NA;"+ 1 blatte"
"217";"https://www.qubs.fr/upload/medias/img-20230428-1-644bdc401a291130663288.jpg";NA;"0";NA;NA;NA;NA;NA;"Ces escargots sont prrésents par plusieurs dizaines de différentes tailes. observés depuis pusieurs années. apparus certaienement aprés apport de feuilles mortes en vue de protection de des plantes l'hiver."
"220";"https://www.qubs.fr/upload/medias/image-644c0240337ff643428467.jpg";"L'Escargot de Bourgogne";"0";"0";"0";"https://www.qubs.fr/upload/medias/image-644c0240313fb498107674.jpg";"https://www.qubs.fr/upload/medias/image-644c024032195163884128.jpg";"https://www.qubs.fr/upload/medias/image-644c024032be6267885785.jpg";""
"222";"https://www.qubs.fr/upload/medias/16827512059293743924110197402334-644cc022922d0810381289.jpg";"Le Petit-gris";"0";"0";"0";"https://www.qubs.fr/upload/medias/img-20230429-085531-644cc022912fb714194379.jpg";NA;NA;"Il y a moins d'escargots que l'hiver.....
Cet hiver la colonie était d'une centaine d'individus."
"223";"https://www.qubs.fr/upload/medias/20230429-091055-644cc41ebc8f3202932912.jpg";"L'Escargot de Bourgogne";"1";"0";"0";"https://www.qubs.fr/upload/medias/1682752405241723826002856397774-644cc41eb9886997355707.jpg";"https://www.qubs.fr/upload/medias/16827524490004552835415148803889-644cc41ebaacb524104152.jpg";"https://www.qubs.fr/upload/medias/168275243222989899436583955014-644cc41ebba40601286229.jpg";""
"224";"https://www.qubs.fr/upload/medias/1682754460263373114969229042008-644cccb001ae0884817336.jpg";"Les Escargots des haies, jardins, forêts";"0";"0";"0";"https://www.qubs.fr/upload/medias/16827544887651045081021122108344-644cccaff396c175669453.jpg";NA;NA;""
"224";"https://www.qubs.fr/upload/medias/1682754460263373114969229042008-644cccb001ae0884817336.jpg";"Les Escargots des haies, jardins, forêts";"1";"0";"0";"https://www.qubs.fr/upload/medias/16827545762339182562430123400565-644cccb000c2a396364687.jpg";NA;NA;""
"225";"https://www.qubs.fr/upload/medias/20230429-090645-644ccdae6dc64330881822.jpg";"Les Escargots des haies, jardins, forêts";"0";"0";"0";"https://www.qubs.fr/upload/medias/20230429-094856-644ccdae69fa8814043537.jpg";"https://www.qubs.fr/upload/medias/20230429-094910-644ccdae6ae3c456451910.jpg";"https://www.qubs.fr/upload/medias/20230429-094902-644ccdae6bb6d711875495.jpg";""
"225";"https://www.qubs.fr/upload/medias/20230429-090645-644ccdae6dc64330881822.jpg";NA;"0";"1";"0";"https://www.qubs.fr/upload/medias/20230429-090645-644ccdae6cd74163274797.jpg";NA;NA;""
"226";"https://www.qubs.fr/upload/medias/img-20230429-084227-644cd561e7828914499812.jpg";"Le Petit-gris";"0";"0";"0";"https://www.qubs.fr/upload/medias/img-20230429-084227-644cd561e6484094309059.jpg";NA;NA;""
"228";"https://www.qubs.fr/upload/medias/340592863-280074904354058-371098958037702418-n-644ce31412eab686240312.jpg";NA;"0";"1";"0";"https://www.qubs.fr/upload/medias/344297087-464829499151373-2909367848820630354-n-644ce31412a25380934331.jpg";NA;NA;""
"229";"https://www.qubs.fr/upload/medias/20230429-114341-644ce31e1dc8b800378403.jpg";NA;"0";NA;NA;NA;NA;NA;"Présence de grillons"
"230";"https://www.qubs.fr/upload/medias/img-20230429-104509-644ce458731f1780949824.jpg";NA;"0";"1";"0";"https://www.qubs.fr/upload/medias/img-20230429-105728-644ce4587083d360138399.jpg";"https://www.qubs.fr/upload/medias/img-20230429-110431-644ce45872792869254550.jpg";NA;""
"231";"https://www.qubs.fr/upload/medias/img-20230429-112533-644ce495e5f34557559617.jpg";"L'Hélice grimace";"0";"0";"0";"https://www.qubs.fr/upload/medias/img-20230429-112611-644ce495e3e82806677757.jpg";NA;"https://www.qubs.fr/upload/medias/img-20230429-113015-644ce495e4e83029831078.jpg";""
"232";"https://www.qubs.fr/upload/medias/20230429-104948-644ce5f83649b256558634.jpg";"L'Escargot de Bourgogne";"0";"0";"0";"https://www.qubs.fr/upload/medias/20230429-104948-644ce5f833672038931393.jpg";"https://www.qubs.fr/upload/medias/20230429-105008-644ce5f83470c197518073.jpg";"https://www.qubs.fr/upload/medias/20230429-105000-644ce5f835509085212586.jpg";""
"233";"https://www.qubs.fr/upload/medias/img-20230429-113858-644ce8b40cd86360729556.jpg";NA;"0";"1";"0";"https://www.qubs.fr/upload/medias/img-20230429-113913-644ce8b40bb17238269055.jpg";NA;NA;""
"234";"https://www.qubs.fr/upload/medias/img-20230429-113858-644ce98a07185831676574.jpg";NA;"0";"1";"0";"https://www.qubs.fr/upload/medias/img-20230429-113920-644ce98a06213928445765.jpg";NA;NA;""
"235";"https://www.qubs.fr/upload/medias/img-20230428-210148-644ceb41e3016492716686.jpg";NA;"0";NA;NA;NA;NA;NA;"Six escargots sous cette tuile. Autre type d'escargot des élégantes."
"239";"https://www.qubs.fr/upload/medias/dsc00459-644d393a76aad169932040.jpg";"Les Escargots des haies, jardins, forêts";"0";"0";"0";"https://www.qubs.fr/upload/medias/dsc00458-644d393a7458b686597964.jpg";NA;NA;""
"239";"https://www.qubs.fr/upload/medias/dsc00459-644d393a76aad169932040.jpg";"Le Petit-gris";"0";"0";"0";"https://www.qubs.fr/upload/medias/dsc00454-644d393a75980367422208.jpg";NA;NA;""
"240";"https://www.qubs.fr/upload/medias/collecte-ascargots-644d3a6fe2ea8720328694.jpg";"Les Escargots des haies, jardins, forêts";"0";"0";"0";"https://www.qubs.fr/upload/medias/escargot-2-644d3a6fd5682207200110.jpg";"https://www.qubs.fr/upload/medias/escargot-2b-644d3a6fd6d22936938817.jpg";"https://www.qubs.fr/upload/medias/escargot-2c-644d3a6fd77d4085256852.jpg";""
"240";"https://www.qubs.fr/upload/medias/collecte-ascargots-644d3a6fe2ea8720328694.jpg";"Les Escargots des haies, jardins, forêts";"0";"0";"0";"https://www.qubs.fr/upload/medias/escargot-1c-644d3a6fd89e9068186938.jpg";"https://www.qubs.fr/upload/medias/escargot-1b-644d3a6fd9310476971147.jpg";"https://www.qubs.fr/upload/medias/escargot-1-644d3a6fd9c63806896613.jpg";""
"240";"https://www.qubs.fr/upload/medias/collecte-ascargots-644d3a6fe2ea8720328694.jpg";"Le Petit-gris";"1";"0";"0";"https://www.qubs.fr/upload/medias/escargot-3-644d3a6fdad08261214819.jpg";"https://www.qubs.fr/upload/medias/escargot-3b-644d3a6fdb6d2870557206.jpg";"https://www.qubs.fr/upload/medias/escargot-3c-644d3a6fdbfad996019054.jpg";""
"240";"https://www.qubs.fr/upload/medias/collecte-ascargots-644d3a6fe2ea8720328694.jpg";"L'Escargot Mourguéta";"0";"0";"0";"https://www.qubs.fr/upload/medias/escargot-4-644d3a6fdcf71912656427.jpg";"https://www.qubs.fr/upload/medias/escargot-4b-644d3a6fddf1b524636475.jpg";"https://www.qubs.fr/upload/medias/escargot-4c-644d3a6fde9b4908393408.jpg";""
"240";"https://www.qubs.fr/upload/medias/collecte-ascargots-644d3a6fe2ea8720328694.jpg";"Les Escargots des haies, jardins, forêts";"1";"0";"0";"https://www.qubs.fr/upload/medias/escargot-5-644d3a6fdf979815082549.jpg";"https://www.qubs.fr/upload/medias/escargot-5b-644d3a6fe012b472786223.jpg";"https://www.qubs.fr/upload/medias/escargot-5c-644d3a6fe0a7e436365216.jpg";""
"240";"https://www.qubs.fr/upload/medias/collecte-ascargots-644d3a6fe2ea8720328694.jpg";"L'Hélice tapada";"0";"0";"0";"https://www.qubs.fr/upload/medias/escargot-6-644d3a6fe1a2a647739428.jpg";"https://www.qubs.fr/upload/medias/escargot-6b-644d3a6fe2127653175800.jpg";"https://www.qubs.fr/upload/medias/escargot-6c-644d3a6fe27e6119367796.jpg";""
"243";"https://www.qubs.fr/upload/medias/inbound7198058663150308337-644d786fbc606127681929.jpg";"Le Petit-gris";"0";"0";"0";"https://www.qubs.fr/upload/medias/inbound5618299191413331989-644d786fbabcf748288806.jpg";NA;NA;""
"245";"https://www.qubs.fr/upload/medias/pxl-20230429-143504590-644d9ae147d10155602722.jpg";NA;"0";"1";"0";"https://www.qubs.fr/upload/medias/pxl-20230429-143510353-644d9ae146cfd093398786.jpg";"https://www.qubs.fr/upload/medias/pxl-20230429-143521676-644d9ae147367988175664.jpg";"https://www.qubs.fr/upload/medias/pxl-20230429-143533503-644d9ae147890688068238.jpg";""
"247";"https://www.qubs.fr/upload/medias/qubs2-644e246c0119f399957081.jpg";"L'Escargot de Bourgogne";"0";"0";"0";"https://www.qubs.fr/upload/medias/qubs3-644e246c00099826909843.jpg";"https://www.qubs.fr/upload/medias/qubs4-644e246c00470183539080.jpg";"https://www.qubs.fr/upload/medias/qubs5-644e246c00747201548388.jpg";"Il y a beaucoup d'escargots de Bourgogne qui se réfugient sous les pots de fleurs et sous les planches de mon jardin "
"247";"https://www.qubs.fr/upload/medias/qubs2-644e246c0119f399957081.jpg";"Les Escargots des haies, jardins, forêts";"1";"0";"0";"https://www.qubs.fr/upload/medias/qubs2-644e246c00cb2892416885.jpg";NA;NA;"Il y a beaucoup d'escargots de Bourgogne qui se réfugient sous les pots de fleurs et sous les planches de mon jardin "
"248";"https://www.qubs.fr/upload/medias/20230430-120453-644e3e832b0f8379633948.jpg";NA;"0";"1";"0";"https://www.qubs.fr/upload/medias/20230430-120737-644e3e8328ef7441778429.jpg";"https://www.qubs.fr/upload/medias/20230430-120453-644e3e8329ea3139603184.jpg";NA;""
"249";"https://www.qubs.fr/upload/medias/20230430-114951-644e3f358845e310376891.jpg";NA;"0";"1";"0";"https://www.qubs.fr/upload/medias/20230429-183620-644e3feed12e2567835109.jpg";"https://www.qubs.fr/upload/medias/20230429-183633-644e3feed1d6d406089773.jpg";"https://www.qubs.fr/upload/medias/20230429-183532-644e3feed26c6570600790.jpg";"Bonjour, je ne connais pas du tout les différentes espèces. Vu le nombre important d'escargots sur la plate bande devant notre maison assez souvent, j'ai souhaité participer. C'est France info qui m'a fait connaître QUBS."
"250";"https://www.qubs.fr/upload/medias/16828508615095269105548578533319-644e44742095e748115649.jpg";"Les Escargots des haies, jardins, forêts";"0";"0";"0";"https://www.qubs.fr/upload/medias/16828508072746249535075098933225-644e44741def8018433086.jpg";NA;"https://www.qubs.fr/upload/medias/16828508323243517596090323418775-644e44741f5cb226070127.jpg";""
"251";"https://www.qubs.fr/upload/medias/image-644e51c6e71e9329400882.jpg";NA;"0";"1";"0";"https://www.qubs.fr/upload/medias/image-644e51c6e5b66889528833.jpg";NA;NA;""
"254";"https://www.qubs.fr/upload/medias/16828734239762289495788099518931-644e9d2920ec7331456194.jpg";NA;"0";"1";"0";"https://www.qubs.fr/upload/medias/16828734825646708458959475074061-644e9d29193b2010608810.jpg";"https://www.qubs.fr/upload/medias/16828735236118268196035841324476-644e9d291d2ab813146868.jpg";"https://www.qubs.fr/upload/medias/16828735455177348517711295586239-644e9d291ed54358815340.jpg";""
"255";"https://www.qubs.fr/upload/medias/20230429-135516-644ecb8bbe69a936151026.jpg";"L'Escargot de Bourgogne";"0";"0";"0";"https://www.qubs.fr/upload/medias/20230429-135516-644ecb8bbccca070147759.jpg";NA;NA;"Jardin privatif a vocation d'accueil. Aucun animal supprimé sur la surface si possible"
"256";"https://www.qubs.fr/upload/medias/20230430-233235-644ee07637dab631081625.jpg";NA;"0";"1";"0";"https://www.qubs.fr/upload/medias/20230430-232900-644ee07632253954084174.jpg";NA;"https://www.qubs.fr/upload/medias/20230430-232845-644ee07633507235366605.jpg";""
"256";"https://www.qubs.fr/upload/medias/20230430-233235-644ee07637dab631081625.jpg";NA;"0";"1";"0";"https://www.qubs.fr/upload/medias/20230430-232900-644ee07635344194749567.jpg";NA;NA;""
"256";"https://www.qubs.fr/upload/medias/20230430-233235-644ee07637dab631081625.jpg";NA;"0";"1";"0";NA;"https://www.qubs.fr/upload/medias/20230430-233235-644ee076367f0083060918.jpg";NA;""
"258";"https://www.qubs.fr/upload/medias/img-20230501-101206-644f79e7a0adc340069990.jpg";NA;"0";"1";"0";"https://www.qubs.fr/upload/medias/img-20230501-101118-644f79e79639a500052202.jpg";NA;NA;""
"258";"https://www.qubs.fr/upload/medias/img-20230501-101206-644f79e7a0adc340069990.jpg";NA;"0";"1";"0";NA;NA;"https://www.qubs.fr/upload/medias/img-20230501-101136-644f79e797786861063739.jpg";""
"258";"https://www.qubs.fr/upload/medias/img-20230501-101206-644f79e7a0adc340069990.jpg";NA;"0";"1";"0";"https://www.qubs.fr/upload/medias/img-20230501-101145-644f79e798d1e615404492.jpg";NA;NA;""
"258";"https://www.qubs.fr/upload/medias/img-20230501-101206-644f79e7a0adc340069990.jpg";NA;"0";"1";"0";"https://www.qubs.fr/upload/medias/img-20230501-101152-644f79e79a0bd456538689.jpg";NA;NA;""
"258";"https://www.qubs.fr/upload/medias/img-20230501-101206-644f79e7a0adc340069990.jpg";NA;"0";"1";"0";"https://www.qubs.fr/upload/medias/img-20230501-101206-644f79e79b541725682133.jpg";NA;NA;""
"258";"https://www.qubs.fr/upload/medias/img-20230501-101206-644f79e7a0adc340069990.jpg";NA;"0";"1";"0";"https://www.qubs.fr/upload/medias/img-20230501-101215-644f79e79c4e4286950881.jpg";NA;NA;""
"258";"https://www.qubs.fr/upload/medias/img-20230501-101206-644f79e7a0adc340069990.jpg";NA;"0";"1";"0";"https://www.qubs.fr/upload/medias/img-20230501-101224-644f79e79d654651910223.jpg";NA;NA;""
"258";"https://www.qubs.fr/upload/medias/img-20230501-101206-644f79e7a0adc340069990.jpg";NA;"0";"1";"0";"https://www.qubs.fr/upload/medias/img-20230501-101309-644f79e79f89f833256740.jpg";NA;NA;""
"259";"https://www.qubs.fr/upload/medias/img-20230501-110323-644f8283012c4404794837.jpg";NA;"0";"0";"0";"https://www.qubs.fr/upload/medias/img-20230501-110317-644f8282f10b4614729269.jpg";NA;NA;""
"259";"https://www.qubs.fr/upload/medias/img-20230501-110323-644f8283012c4404794837.jpg";NA;"0";"1";"0";"https://www.qubs.fr/upload/medias/img-20230501-110252-644f8282f2cde600908294.jpg";NA;"https://www.qubs.fr/upload/medias/img-20230501-110323-644f8282f4176721117827.jpg";""
"260";"https://www.qubs.fr/upload/medias/16829322157545085934546689341353-644f82aa2d817879505138.jpg";"Les Escargots des haies, jardins, forêts";"0";"0";"0";"https://www.qubs.fr/upload/medias/16829322339024366260043835502653-644f82aa2808d134976779.jpg";NA;NA;""
"260";"https://www.qubs.fr/upload/medias/16829322157545085934546689341353-644f82aa2d817879505138.jpg";NA;"0";"1";"0";"https://www.qubs.fr/upload/medias/16829322703489194877762021101507-644f82aa2a666904106972.jpg";NA;"https://www.qubs.fr/upload/medias/16829323158011867145821222095156-644f82aa2bff5048357074.jpg";""
"264";"https://www.qubs.fr/upload/medias/dscn3590-644fbf1e5ec14476938471.jpg";NA;"0";"1";"0";"https://www.qubs.fr/upload/medias/dscn3590-644fbf1e5d7fc697024216.jpg";NA;"https://www.qubs.fr/upload/medias/dscn3587-644fbf1e5e29c421420702.jpg";""
"265";"https://www.qubs.fr/upload/medias/dscn3559-644fc15c6d35c796755706.jpg";NA;"0";"1";"0";"https://www.qubs.fr/upload/medias/dscn3548-644fc15c6bc47932751274.jpg";NA;"https://www.qubs.fr/upload/medias/dscn3550-644fc15c6c893374175750.jpg";"Trouver sur la paille au milieu des herbes hautes dans un potager. Il y avait aussi des araignés et une chenille à piques jaunes ."
"267";"https://www.qubs.fr/upload/medias/dsc00477-644fd4f74fc86305933706.jpg";"Le Petit-gris";"0";"0";"0";"https://www.qubs.fr/upload/medias/dsc00480-644fd4f74bc8b697955745.jpg";NA;NA;"Deux Opilions"
"267";"https://www.qubs.fr/upload/medias/dsc00477-644fd4f74fc86305933706.jpg";"Les Escargots des haies, jardins, forêts";"1";"0";"0";"https://www.qubs.fr/upload/medias/dsc00479-644fd4f74eb77685459603.jpg";NA;NA;"Deux Opilions"
"268";"https://www.qubs.fr/upload/medias/img-4129-644fd7aed0ecd743545822.jpg";"Le Petit-gris";"1";"0";"0";"https://www.qubs.fr/upload/medias/img-4122-644fd6c45250a036846861.jpg";"https://www.qubs.fr/upload/medias/img-4123-644fd6c452990509941623.jpg";"https://www.qubs.fr/upload/medias/img-4129-644fd6c452cbd763591847.jpg";"3 bébés petits gris se trouvent dans le pot situé à proximité des iris et qui sert à l'occasion de dépot de dechets alimentaires (fruits et légumes). La plupart d'entre eux sont posés dans le bas du mur, les plus gros sur les feuilles des iris situés contre le mur (protection prédateurs ?) Face à ce poste d'observation se trouve un arbre et un mur recouvert de lierre peuplés d'oiseaux - oiseaux observés : moineaux, rouge gorge, mésanges à tête bleus, grives,  et merles."
"269";"https://www.qubs.fr/upload/medias/image-644fda8167cf9897085782.jpg";NA;"0";"1";"0";"https://www.qubs.fr/upload/medias/image-644fda81634ee322898085.jpg";"https://www.qubs.fr/upload/medias/image-644fda8164d4b901270644.jpg";"https://www.qubs.fr/upload/medias/image-644fda81662a8899286600.jpg";""
"270";"https://www.qubs.fr/upload/medias/20230501-165032-644fdacaeb43f388425471.jpg";NA;"0";NA;NA;NA;NA;NA;""
"273";"https://www.qubs.fr/upload/medias/img-6686-644fe94ceeea8149865453.jpeg";NA;"0";"1";"0";"https://www.qubs.fr/upload/medias/img-6685-644fe94cee6d8071973405.jpeg";NA;NA;""
"275";"https://www.qubs.fr/upload/medias/20230501-161021-001-1-644fee17de808547458689.jpg";NA;"0";"1";"0";"https://www.qubs.fr/upload/medias/20230501-161021-001-1-644fee17dd3ea628754412.jpg";NA;NA;""
"276";"https://www.qubs.fr/upload/medias/20230429-202614-1-644ff21077524095038856.jpg";NA;"0";"1";"0";NA;NA;"https://www.qubs.fr/upload/medias/20230429-202636-1-644ff2107659e064944144.jpg";""
"276";"https://www.qubs.fr/upload/medias/20230429-202614-1-644ff21077524095038856.jpg";NA;"0";"1";"0";"https://www.qubs.fr/upload/medias/20230429-202614-1-644ff261d7532642120500.jpg";NA;NA;""
"277";"https://www.qubs.fr/upload/medias/5baa2e4d-5d14-4d7f-b90d-b2f9bd8885db-644ff2d23a835213696374.jpeg";NA;"0";"1";"0";"https://www.qubs.fr/upload/medias/1abf1fc1-44a7-4249-8545-949ce2130475-644ff2d235d1b737370441.jpeg";"https://www.qubs.fr/upload/medias/62b72135-7ab7-4194-80ca-2cd7c8dcda2b-644ff2d2377f4369745161.jpeg";"https://www.qubs.fr/upload/medias/404d3132-2a2d-4f11-b4eb-82cdd195d3d0-644ff2d238e07154057288.jpeg";""
"280";"https://www.qubs.fr/upload/medias/img-20230501-150010-645026cece39d370722022.jpg";"Les Escargots des haies, jardins, forêts";"0";"0";"0";"https://www.qubs.fr/upload/medias/img-20230501-150026-6450284c88897159042249.jpg";NA;NA;""
"281";"https://www.qubs.fr/upload/medias/img-20230501-145604-645027ecc7038438082477.jpg";"Le Petit-gris";"0";"0";"0";"https://www.qubs.fr/upload/medias/img-20230501-145525-645027ecc5558784212214.jpg";NA;NA;""
"282";"https://www.qubs.fr/upload/medias/img-20230501-145625-6450294beffb4947458883.jpg";"Les Escargots des haies, jardins, forêts";"1";"0";"0";"https://www.qubs.fr/upload/medias/img-20230501-145619-6450294bee973650398456.jpg";NA;NA;""
"283";"https://www.qubs.fr/upload/medias/psx-20230502-004011-64504357b354d412298871.jpg";NA;"0";"1";"0";"https://www.qubs.fr/upload/medias/psx-20230502-004509-64504357b2639283781192.jpg";NA;NA;""
"285";"https://www.qubs.fr/upload/medias/img-2023-05-02-13-28-43-599-645105dd379df227282212.jpg";NA;"0";"1";"0";"https://www.qubs.fr/upload/medias/img-2023-05-02-13-09-35-549-645105dd36580367757470.jpg";NA;NA;""
"295";"https://www.qubs.fr/upload/medias/20230503-082228-645205fa4fcfe621830164.jpg";NA;"0";NA;NA;NA;NA;NA;"Encore ombragée par les sapins voisins, se retrouve au soleil en milieu de matinée"
"300";"https://www.qubs.fr/upload/medias/20230503-174926-64528a3bc6899921243452.jpg";"Le Petit-gris";"1";"0";"0";"https://www.qubs.fr/upload/medias/20230503-180815-64528a3bc1a04200657062.jpg";"https://www.qubs.fr/upload/medias/20230503-180903-64528a3bc2bd6652064903.jpg";"https://www.qubs.fr/upload/medias/20230503-180924-64528a3bc5526042694933.jpg";"Ca fait plusieurs années qu'on les observe (depuis 2007 on habite là) mais il y a normalement des limaces, déjà l'année dernière on en a vu moins et cette année pas encore"
"300";"https://www.qubs.fr/upload/medias/20230503-174926-64528a3bc6899921243452.jpg";"Les Grandes Loches, formes noires";"0";"0";"0";"https://www.qubs.fr/upload/medias/20230504-220618-64551da3c11e2066973815.jpg";NA;NA;"Ca fait plusieurs années qu'on les observe (depuis 2007 on habite là) mais il y a normalement des limaces, déjà l'année dernière on en a vu moins et cette année pas encore"
"307";"https://www.qubs.fr/upload/medias/img-20230505-090826-6454ad599115c678613841.jpg";NA;"0";NA;NA;NA;NA;NA;"Trois escargots et pas d'autres espèces."
"309";"https://www.qubs.fr/upload/medias/pxl-20230505-094342858-6454d8c090e6a652035610.jpg";"Les Cochlostomes";"1";"0";"0";"https://www.qubs.fr/upload/medias/pxl-20230505-094401038-6454d8c08a4df020347758.jpg";NA;NA;"Je ne suis pas bon à la détermination et je n'ai pas pris de photos sous tous les angles désolé."
"309";"https://www.qubs.fr/upload/medias/pxl-20230505-094342858-6454d8c090e6a652035610.jpg";NA;"0";"1";"0";"https://www.qubs.fr/upload/medias/pxl-20230505-094425711-6454d8c08db1d242320404.jpg";NA;NA;"Je ne suis pas bon à la détermination et je n'ai pas pris de photos sous tous les angles désolé."
"309";"https://www.qubs.fr/upload/medias/pxl-20230505-094342858-6454d8c090e6a652035610.jpg";NA;"0";"1";"0";"https://www.qubs.fr/upload/medias/pxl-20230505-094407876-6454d8c08f375664562933.jpg";NA;NA;"Je ne suis pas bon à la détermination et je n'ai pas pris de photos sous tous les angles désolé."
"313";"https://www.qubs.fr/upload/medias/panoramique-5-05-23-645543b03defc303727340.jpeg";NA;"0";"1";"0";"https://www.qubs.fr/upload/medias/img-6844-645543b03ab81839670409.jpeg";"https://www.qubs.fr/upload/medias/img-6842-645543b03b7e2473725958.jpeg";"https://www.qubs.fr/upload/medias/img-6845-645543b03d6fa660846227.jpeg";"la planche est longue, posée à même le ""gazon"" mais contre la terrasse.
Elle n'est jamais soulevée et jamais tondu.
Sur les 24 escargots observés, beaucoup de petits (environ 1 cm ou moins) 
je pense que ce sont des petits gris mais je n'en suis pas certaine.

NB je n'ai pas mis de second lieu d'observation car il ne correspondait pas à vos échantillonnages, mais j'ai constaté bcp d'escargots qui aimaient les bâches"
"316";"https://www.qubs.fr/upload/medias/img-4158-64565bd2a69de289316657.jpg";"Le Petit-gris";"1";"0";"0";"https://www.qubs.fr/upload/medias/img-4165-64565bd2a44b1619238419.jpg";NA;"https://www.qubs.fr/upload/medias/img-4164-64565bd2a66ce483155316.jpg";""
"318";"https://www.qubs.fr/upload/medias/img-3402-64566a02bae12451059131.jpg";NA;"0";"1";"0";"https://www.qubs.fr/upload/medias/img-3404-64566a02b07eb582985467.jpg";NA;NA;""
"318";"https://www.qubs.fr/upload/medias/img-3402-64566a02bae12451059131.jpg";NA;"0";"1";"0";"https://www.qubs.fr/upload/medias/img-3403-64566a02b1fbf939257645.jpg";NA;NA;""
"318";"https://www.qubs.fr/upload/medias/img-3402-64566a02bae12451059131.jpg";NA;"0";"1";"0";"https://www.qubs.fr/upload/medias/img-3406-64566a02b318b588852318.jpg";NA;NA;""
"318";"https://www.qubs.fr/upload/medias/img-3402-64566a02bae12451059131.jpg";NA;"0";"1";"0";"https://www.qubs.fr/upload/medias/img-3396-64566a02b4e7f317832308.jpg";NA;NA;""
"318";"https://www.qubs.fr/upload/medias/img-3402-64566a02bae12451059131.jpg";NA;"0";"1";"0";"https://www.qubs.fr/upload/medias/img-3408-64566a02b6481761508962.jpg";"https://www.qubs.fr/upload/medias/img-3406-64566a02b8cb7767326127.jpg";NA;""
"318";"https://www.qubs.fr/upload/medias/img-3402-64566a02bae12451059131.jpg";NA;"0";"1";"0";"https://www.qubs.fr/upload/medias/img-3391-64566a02ba07d790605887.jpg";NA;NA;""
"319";"https://www.qubs.fr/upload/medias/20230505-080425-6456817c2b21f693444412.jpg";NA;"0";"1";"0";"https://www.qubs.fr/upload/medias/20230505-080348-6456817c27ca1735077206.jpg";NA;NA;""
"321";"https://www.qubs.fr/upload/medias/95c8a91d-19ea-43b1-801f-7d10c8c8d67e-6456abb4daf9b082607682.jpeg";"Les Escargots des haies, jardins, forêts";"0";"0";"0";"https://www.qubs.fr/upload/medias/131d174e-9f38-4e86-8efd-7bc2968da847-6456abb4d938e574083100.jpeg";NA;NA;""
"322";"https://www.qubs.fr/upload/medias/d314021f-f137-4033-8fbe-45401c0675c5-6456ac3a5d4fc207321499.jpeg";"La Limace des caves";"0";"0";"0";"https://www.qubs.fr/upload/medias/ac1f9cf7-2a61-49cf-8917-16d47b1373c4-6456ac3a5bcd1361663247.jpeg";NA;NA;"La tuile était à plat sur la terre humide. Il avait plu le matin. Le sol était encore humide en fin de journée sur le sol sous la tuile. Les 17 grandes loches noires (peut-être plus...je ne les ai pas trop dérangées) et une limace des caves verdâtres étaient observables "
"322";"https://www.qubs.fr/upload/medias/d314021f-f137-4033-8fbe-45401c0675c5-6456ac3a5d4fc207321499.jpeg";"Les Grandes Loches, formes noires";"0";"0";"0";"https://www.qubs.fr/upload/medias/beec6ec3-7e92-4baa-a422-aae805098fa2-6456ad405e601108926219.jpeg";NA;NA;"La tuile était à plat sur la terre humide. Il avait plu le matin. Le sol était encore humide en fin de journée sur le sol sous la tuile. Les 17 grandes loches noires (peut-être plus...je ne les ai pas trop dérangées) et une limace des caves verdâtres étaient observables "
"323";"https://www.qubs.fr/upload/medias/c372ab72-3725-4eef-a009-275555f2d892-64574f803816a624493470.jpeg";NA;"0";NA;NA;NA;NA;NA;""
"325";"https://www.qubs.fr/upload/medias/20230507-091742-1-6457610e0e747968489208.jpg";"L'Escargot turc";"0";"0";"0";"https://www.qubs.fr/upload/medias/20230507-091742-1-6457610e0cf3b390520037.jpg";NA;NA;""
"327";"https://www.qubs.fr/upload/medias/pxl-20230507-081549680-6457925edc953502105160.jpg";NA;"0";"1";"0";"https://www.qubs.fr/upload/medias/pxl-20230507-081553091-6457925edb7bf076313986.jpg";NA;NA;""
"328";"https://www.qubs.fr/upload/medias/pxl-20230507-081626282-645792a3be60b322652747.jpg";NA;"0";"1";"0";"https://www.qubs.fr/upload/medias/pxl-20230507-084603994-645792a3bd8a5011761244.jpg";NA;NA;""
"329";"https://www.qubs.fr/upload/medias/collecte-6457a6ccbb96a046354673.jpeg";"Les Veloutées";"0";"0";"0";"https://www.qubs.fr/upload/medias/1-dessus-6457a6ccb5d7a303276697.jpeg";"https://www.qubs.fr/upload/medias/1-dessous-6457a6ccb6ef2037435738.jpeg";"https://www.qubs.fr/upload/medias/1-cote-6457a6ccb8121028215544.jpeg";"Présence d'un bébé escargot transparent d'environ 1 mm de diamètre."
"329";"https://www.qubs.fr/upload/medias/collecte-6457a6ccbb96a046354673.jpeg";"La Veloutée plane";"0";"0";"0";"https://www.qubs.fr/upload/medias/2-dessus-6457a6ccb92c0903427779.jpeg";"https://www.qubs.fr/upload/medias/2-dessous-6457a6ccba0b5201504471.jpeg";"https://www.qubs.fr/upload/medias/2-cote-6457a6ccbb051521845761.jpeg";"Présence d'un bébé escargot transparent d'environ 1 mm de diamètre."
"330";"https://www.qubs.fr/upload/medias/dscn3649-6457aebf0476f569360850.jpg";"Les Escargots des haies, jardins, forêts";"1";"0";"0";"https://www.qubs.fr/upload/medias/dscn3679-6457aebeea8ae014084109.jpg";NA;"https://www.qubs.fr/upload/medias/dscn3678-6457aebeec3a2819256122.jpg";""
"330";"https://www.qubs.fr/upload/medias/dscn3649-6457aebf0476f569360850.jpg";NA;"0";"1";"0";"https://www.qubs.fr/upload/medias/dscn3662-6457aebeed4fe969485865.jpg";NA;"https://www.qubs.fr/upload/medias/dscn3661-6457aebeeda77113491903.jpg";""
"330";"https://www.qubs.fr/upload/medias/dscn3649-6457aebf0476f569360850.jpg";"Le Petit-gris";"0";"0";"0";"https://www.qubs.fr/upload/medias/dscn3672-6457aebeeec5e695039225.jpg";"https://www.qubs.fr/upload/medias/dscn3665-6457aebeef89e429729621.jpg";"https://www.qubs.fr/upload/medias/dscn3674-6457aebef1a68567300618.jpg";""
"330";"https://www.qubs.fr/upload/medias/dscn3649-6457aebf0476f569360850.jpg";NA;"0";"0";"1";"https://www.qubs.fr/upload/medias/dscn3650-6457aebef3529423289501.jpg";NA;"https://www.qubs.fr/upload/medias/dscn3652-6457aebef404f721066770.jpg";""
"330";"https://www.qubs.fr/upload/medias/dscn3649-6457aebf0476f569360850.jpg";NA;"0";"0";"1";"https://www.qubs.fr/upload/medias/dscn3657-6457aebf00dd0576610663.jpg";NA;NA;""
"330";"https://www.qubs.fr/upload/medias/dscn3649-6457aebf0476f569360850.jpg";NA;"0";"1";"0";"https://www.qubs.fr/upload/medias/dscn3653-6457aebf0309b110060246.jpg";NA;"https://www.qubs.fr/upload/medias/dscn3655-6457aebf03b53310342415.jpg";""
"333";"https://www.qubs.fr/upload/medias/16834763999361430191138253343021-6457d01e1bdec536481756.jpg";"L'Escargot de Bourgogne";"0";"0";"0";"https://www.qubs.fr/upload/medias/1683476444743159894804232208975-6457d01e1a5dd309681843.jpg";NA;NA;""
"336";"https://www.qubs.fr/upload/medias/20230504-103124-1-6458bc151286f935231491.jpg";"Le Petit-gris";"0";"0";"0";"https://www.qubs.fr/upload/medias/20230504-103421-1-6458bc151089b068782467.jpg";NA;NA;""
"340";"https://www.qubs.fr/upload/medias/img-20230509-205936-645aaff74fdce108024095.jpg";NA;"0";"0";"1";"https://www.qubs.fr/upload/medias/img-20230509-213146-645aaff739565102353356.jpg";"https://www.qubs.fr/upload/medias/img-20230509-213155-645aaff73a6fe357685923.jpg";"https://www.qubs.fr/upload/medias/img-20230509-213132-645aaff73b61d013409091.jpg";"Nous possédons une avancée de caillebotis où se trouve beaucoup de limaces noires et de l'élégante striée mais aussi descargot ayant le péristome noir. Concernant les autres, se trouve dans tout le jardins, sous les plantes et les buissons. Aujourd'hui du A la pluie ils sont tous de sorti a tel point qu'on ne peut marcher dans le jardin. Et se nourrissent de fleurs de glycine. 
Conclusion, nous avons énormément d'escargots dans le jardin. 

Dois je faire un abri beaucoup plus précis ?"
"340";"https://www.qubs.fr/upload/medias/img-20230509-205936-645aaff74fdce108024095.jpg";"La Limace des caves";"0";"0";"0";"https://www.qubs.fr/upload/medias/img-20230509-210534-645aaff73cbf6150640376.jpg";NA;"https://www.qubs.fr/upload/medias/img-20230509-210518-645aaff73e23f889516769.jpg";"Nous possédons une avancée de caillebotis où se trouve beaucoup de limaces noires et de l'élégante striée mais aussi descargot ayant le péristome noir. Concernant les autres, se trouve dans tout le jardins, sous les plantes et les buissons. Aujourd'hui du A la pluie ils sont tous de sorti a tel point qu'on ne peut marcher dans le jardin. Et se nourrissent de fleurs de glycine. 
Conclusion, nous avons énormément d'escargots dans le jardin. 

Dois je faire un abri beaucoup plus précis ?"
"340";"https://www.qubs.fr/upload/medias/img-20230509-205936-645aaff74fdce108024095.jpg";NA;"0";"1";"0";"https://www.qubs.fr/upload/medias/img-20230509-210715-645aaff7400ec983474640.jpg";"https://www.qubs.fr/upload/medias/img-20230509-210736-645aaff740efc673079790.jpg";"https://www.qubs.fr/upload/medias/img-20230509-210724-645aaff741e00598860035.jpg";"Nous possédons une avancée de caillebotis où se trouve beaucoup de limaces noires et de l'élégante striée mais aussi descargot ayant le péristome noir. Concernant les autres, se trouve dans tout le jardins, sous les plantes et les buissons. Aujourd'hui du A la pluie ils sont tous de sorti a tel point qu'on ne peut marcher dans le jardin. Et se nourrissent de fleurs de glycine. 
Conclusion, nous avons énormément d'escargots dans le jardin. 

Dois je faire un abri beaucoup plus précis ?"
"340";"https://www.qubs.fr/upload/medias/img-20230509-205936-645aaff74fdce108024095.jpg";NA;"0";"0";"0";"https://www.qubs.fr/upload/medias/img-20230509-210633-645aaff743a3d473428479.jpg";"https://www.qubs.fr/upload/medias/img-20230509-210628-645aaff744955796828625.jpg";"https://www.qubs.fr/upload/medias/img-20230509-210645-645aaff745897009978779.jpg";"Nous possédons une avancée de caillebotis où se trouve beaucoup de limaces noires et de l'élégante striée mais aussi descargot ayant le péristome noir. Concernant les autres, se trouve dans tout le jardins, sous les plantes et les buissons. Aujourd'hui du A la pluie ils sont tous de sorti a tel point qu'on ne peut marcher dans le jardin. Et se nourrissent de fleurs de glycine. 
Conclusion, nous avons énormément d'escargots dans le jardin. 

Dois je faire un abri beaucoup plus précis ?"
"340";"https://www.qubs.fr/upload/medias/img-20230509-205936-645aaff74fdce108024095.jpg";"L'Elégante striée";"0";"0";"0";"https://www.qubs.fr/upload/medias/img-20230509-210554-645aaff747381958334440.jpg";"https://www.qubs.fr/upload/medias/img-20230509-210617-645aaff748168274500997.jpg";"https://www.qubs.fr/upload/medias/img-20230509-210603-645aaff7491b3044195340.jpg";"Nous possédons une avancée de caillebotis où se trouve beaucoup de limaces noires et de l'élégante striée mais aussi descargot ayant le péristome noir. Concernant les autres, se trouve dans tout le jardins, sous les plantes et les buissons. Aujourd'hui du A la pluie ils sont tous de sorti a tel point qu'on ne peut marcher dans le jardin. Et se nourrissent de fleurs de glycine. 
Conclusion, nous avons énormément d'escargots dans le jardin. 

Dois je faire un abri beaucoup plus précis ?"
"340";"https://www.qubs.fr/upload/medias/img-20230509-205936-645aaff74fdce108024095.jpg";"La Caragouille rosée";"0";"0";"0";"https://www.qubs.fr/upload/medias/img-20230509-210357-645aaff74ade5628307644.jpg";"https://www.qubs.fr/upload/medias/img-20230509-210415-645aaff74bd08060667141.jpg";"https://www.qubs.fr/upload/medias/img-20230509-210436-645aaff74cbfe327551284.jpg";"Nous possédons une avancée de caillebotis où se trouve beaucoup de limaces noires et de l'élégante striée mais aussi descargot ayant le péristome noir. Concernant les autres, se trouve dans tout le jardins, sous les plantes et les buissons. Aujourd'hui du A la pluie ils sont tous de sorti a tel point qu'on ne peut marcher dans le jardin. Et se nourrissent de fleurs de glycine. 
Conclusion, nous avons énormément d'escargots dans le jardin. 

Dois je faire un abri beaucoup plus précis ?"
"340";"https://www.qubs.fr/upload/medias/img-20230509-205936-645aaff74fdce108024095.jpg";"Le Petit-gris";"0";"0";"0";"https://www.qubs.fr/upload/medias/img-20230509-210207-645aaff74e152320848544.jpg";"https://www.qubs.fr/upload/medias/img-20230509-210344-645aaff74edef474460049.jpg";NA;"Nous possédons une avancée de caillebotis où se trouve beaucoup de limaces noires et de l'élégante striée mais aussi descargot ayant le péristome noir. Concernant les autres, se trouve dans tout le jardins, sous les plantes et les buissons. Aujourd'hui du A la pluie ils sont tous de sorti a tel point qu'on ne peut marcher dans le jardin. Et se nourrissent de fleurs de glycine. 
Conclusion, nous avons énormément d'escargots dans le jardin. 

Dois je faire un abri beaucoup plus précis ?"
"346";"https://www.qubs.fr/upload/medias/escar2-sg-645ca3a862494937208187.jpg";"L'Escargot de Bourgogne";"1";"0";"0";"https://www.qubs.fr/upload/medias/escar-sg-645ca3a861e53163886241.jpg";NA;NA;""
"348";"https://www.qubs.fr/upload/medias/img-20230511-192122-645d261093436635590943.jpg";"Les Escargots des haies, jardins, forêts";"1";"0";"0";NA;"https://www.qubs.fr/upload/medias/img-20230511-192800-645d2610917e9196968713.jpg";"https://www.qubs.fr/upload/medias/img-20230511-192500-645d2610928e3783569574.jpg";"Un escargot 'petit gris' non loin"
"350";"https://www.qubs.fr/upload/medias/img-1583-37242-645de93fd8c7f786646180.jpg";NA;"0";"1";"0";"https://www.qubs.fr/upload/medias/img-1584-37240-645de93fd830a790056355.jpg";NA;NA;""
"350";"https://www.qubs.fr/upload/medias/img-1583-37242-645de93fd8c7f786646180.jpg";"Les Escargots des haies, jardins, forêts";"1";"0";"0";"https://www.qubs.fr/upload/medias/img-1583-37242-645de93fd89b3568541626.jpg";NA;NA;""
"357";"https://www.qubs.fr/upload/medias/img-20230513-125149-645f6eb3c45e2048565492.jpg";NA;"0";NA;NA;NA;NA;NA;"Terre encore sèche sous la tuile. Présence de fourmis."
"358";"https://www.qubs.fr/upload/medias/20230501-160400-645f72d120445445211477.jpg";"Le Petit-gris";"0";"0";"0";"https://www.qubs.fr/upload/medias/20230501-160123-645f72d11bbb3739730264.jpg";NA;"https://www.qubs.fr/upload/medias/20230501-160230-645f72d11e3e8009070071.jpg";""
"359";"https://www.qubs.fr/upload/medias/img-20230513-120910071-645f778470d4f087670076.jpg";"L'Elégante striée";"0";"0";"0";"https://www.qubs.fr/upload/medias/img-20230513-120902590-645f778465eb5544811751.jpg";"https://www.qubs.fr/upload/medias/img-20230513-120910071-645f778468774764132379.jpg";NA;""
"359";"https://www.qubs.fr/upload/medias/img-20230513-120910071-645f778470d4f087670076.jpg";"Les Grandes Limaces";"0";"0";"0";"https://www.qubs.fr/upload/medias/img-20230513-120949640-645f77846c78a531514885.jpg";NA;"https://www.qubs.fr/upload/medias/img-20230513-120955421-645f77846d8bc515097817.jpg";""
"359";"https://www.qubs.fr/upload/medias/img-20230513-120910071-645f778470d4f087670076.jpg";"Les Grandes Loches, formes rouges";"0";"0";"0";NA;NA;"https://www.qubs.fr/upload/medias/img-20230513-120831366-645f77846ea6f730084215.jpg";""
"360";"https://www.qubs.fr/upload/medias/16840447725011642732991085703842-64607d5574896311204226.jpg";NA;"0";"1";"0";"https://www.qubs.fr/upload/medias/16840448722186867533852914677002-64607d556d53e901180547.jpg";"https://www.qubs.fr/upload/medias/16840448889211999500681554047777-64607d556ed34578207333.jpg";"https://www.qubs.fr/upload/medias/16840449157717414463539180891541-64607d557192f944946945.jpg";""
"360";"https://www.qubs.fr/upload/medias/16840447725011642732991085703842-64607d5574896311204226.jpg";NA;"0";"1";"0";"https://www.qubs.fr/upload/medias/16840450361943648725275557136144-64607d5573275185703445.jpg";NA;NA;""
"361";"https://www.qubs.fr/upload/medias/img-20230514-074140-6460880721f5a270309558.jpg";NA;"0";"1";"0";"https://www.qubs.fr/upload/medias/16840476471837311935244700187530-646088071c2ae972258503.jpg";"https://www.qubs.fr/upload/medias/16840476750713961743185384613828-646088071dec9138723794.jpg";"https://www.qubs.fr/upload/medias/1684047694450468550517616841580-646088071fcee914065525.jpg";""
"362";"https://www.qubs.fr/upload/medias/16840482559828489880057158750955-64608a23dc52c663966798.jpg";NA;"0";"1";"0";"https://www.qubs.fr/upload/medias/1684048279197898057691986712438-64608a23d7b3a013323963.jpg";"https://www.qubs.fr/upload/medias/16840483045227039340967031514634-64608a23d9568200102999.jpg";"https://www.qubs.fr/upload/medias/16840483200639147884950451640459-64608a23dad4d533554408.jpg";""
"364";"https://www.qubs.fr/upload/medias/ca8f52b5-7b26-4910-8e7a-4ca8e30a295e-6460bc9c90e0f552599420.jpeg";"Le Petit-gris";"0";"0";"0";"https://www.qubs.fr/upload/medias/d46173e1-a866-4d12-a552-ddffc48a3c1b-6460b969bbeda417814304.jpeg";"https://www.qubs.fr/upload/medias/c894c9f4-0271-4ff8-ae18-5d53f46d2017-6460b969c18a6097516915.jpeg";"https://www.qubs.fr/upload/medias/00afbfa4-703a-4db7-9582-fa0fadb03475-6460b969c3559619241019.jpeg";"Je les ai récolté le soirs ,le temps relativement sec "
"364";"https://www.qubs.fr/upload/medias/ca8f52b5-7b26-4910-8e7a-4ca8e30a295e-6460bc9c90e0f552599420.jpeg";"Les Grandes Loches, formes rouges";"0";"0";"0";"https://www.qubs.fr/upload/medias/9f282c9c-8d71-41eb-b7e5-9363342a0c29-6460b969c568a637152607.jpeg";NA;"https://www.qubs.fr/upload/medias/65b2e945-9a0b-4133-8cc9-446b69d301d4-6460b969c6461013911039.jpeg";"Je les ai récolté le soirs ,le temps relativement sec "
"364";"https://www.qubs.fr/upload/medias/ca8f52b5-7b26-4910-8e7a-4ca8e30a295e-6460bc9c90e0f552599420.jpeg";NA;"0";"0";"1";"https://www.qubs.fr/upload/medias/e6821c78-0a57-4f46-b25b-c2675c7e407e-6460b969c8ff3128781907.jpeg";NA;"https://www.qubs.fr/upload/medias/78f09999-aacd-45c5-85df-67fea8ab4e26-6460b969cca59024579344.jpeg";"Je les ai récolté le soirs ,le temps relativement sec "
"364";"https://www.qubs.fr/upload/medias/ca8f52b5-7b26-4910-8e7a-4ca8e30a295e-6460bc9c90e0f552599420.jpeg";NA;"0";"0";"1";"https://www.qubs.fr/upload/medias/ff9de983-b13c-4953-bbc8-b4f31671f709-6460bc9c88a55763358343.jpeg";NA;"https://www.qubs.fr/upload/medias/38f1f6fe-670d-4350-beff-827ce19551b1-6460bc9c8a7e1244794002.jpeg";"Je les ai récolté le soirs ,le temps relativement sec "
"365";"https://www.qubs.fr/upload/medias/16840617045524606433653581100758-6460bea07d06f883482256.jpg";NA;"0";"1";"0";"https://www.qubs.fr/upload/medias/16840617248366468284822557189920-6460bea07b6cb094494323.jpg";"https://www.qubs.fr/upload/medias/16840617769162973571722126752519-6460bea07c25c010652503.jpg";NA;""
"366";"https://www.qubs.fr/upload/medias/80ba4b5f-3379-4e79-b300-5b6d63170829-6460bed2197c9464734040.jpeg";NA;"0";"0";"1";"https://www.qubs.fr/upload/medias/8f7c49f7-6fe5-49eb-a64c-b9d4ff133251-6460bed216845258546236.jpeg";NA;"https://www.qubs.fr/upload/medias/35b2f065-7c7b-40b2-bb55-f74e1bf9faf3-6460bed21854b180090640.jpeg";""
"367";"https://www.qubs.fr/upload/medias/20230514-151021-64624ba0b2b0c339419204.jpg";"Les Clausilies";"0";"0";"0";"https://www.qubs.fr/upload/medias/20230514-140905-64624ba0a78fe602262167.jpg";"https://www.qubs.fr/upload/medias/20230514-140955-64624ba0a9baf242323219.jpg";"https://www.qubs.fr/upload/medias/20230514-144508-64624ba0ab63e104857501.jpg";""
"367";"https://www.qubs.fr/upload/medias/20230514-151021-64624ba0b2b0c339419204.jpg";NA;"0";"1";"0";"https://www.qubs.fr/upload/medias/20230514-140752-64624ba0acb6d462367780.jpg";NA;"https://www.qubs.fr/upload/medias/20230514-140317-64624ba0ae4a5748209680.jpg";""
"367";"https://www.qubs.fr/upload/medias/20230514-151021-64624ba0b2b0c339419204.jpg";"Les Veloutées";"0";"0";"0";"https://www.qubs.fr/upload/medias/20230514-144743-64624ba0afa21245135808.jpg";"https://www.qubs.fr/upload/medias/velouteplane-64624ba0b0b19789043710.jpg";NA;""
"369";"https://www.qubs.fr/upload/medias/img-0303-6460ee3ca9f8f695554668.jpeg";"L'Escargot de Bourgogne";"0";"0";"0";"https://www.qubs.fr/upload/medias/img-0303-6460ee3ca7980665965096.jpeg";NA;NA;""
"370";"https://www.qubs.fr/upload/medias/20230514-151325-6460f1a1b0660019333107.jpg";NA;"0";"1";"0";"https://www.qubs.fr/upload/medias/20230514-151257-6460f1a1af2db444257757.jpg";NA;NA;""
"371";"https://www.qubs.fr/upload/medias/20230514-171655-646101953af5c166472498.jpg";NA;"0";"1";"0";"https://www.qubs.fr/upload/medias/20230514-171716-6461019538ce8981736940.jpg";NA;"https://www.qubs.fr/upload/medias/20230514-171709-6461019539eac512909058.jpg";""
"390";"https://www.qubs.fr/upload/medias/image-64621a5a7eaca527197112.jpg";NA;"0";"1";"0";"https://www.qubs.fr/upload/medias/image-64621a5a78e6f883532626.jpg";"https://www.qubs.fr/upload/medias/image-64621a5a7bd69561797293.jpg";"https://www.qubs.fr/upload/medias/image-64621a5a7ca5a872191536.jpg";""
"390";"https://www.qubs.fr/upload/medias/image-64621a5a7eaca527197112.jpg";NA;"0";"1";"0";"https://www.qubs.fr/upload/medias/image-64621a5a7d9e3225232909.jpg";NA;NA;""
"391";"https://www.qubs.fr/upload/medias/20230515-135145-64621fddb79ff242600366.jpg";"L'Escargot de Bourgogne";"1";"0";"0";"https://www.qubs.fr/upload/medias/20230515-135145-64621fddb5e58828583856.jpg";"https://www.qubs.fr/upload/medias/20230515-133821-64621fddb6e45240026897.jpg";NA;""
"392";"https://www.qubs.fr/upload/medias/escargot-6462267ff21b7690343940.jpg";"L'Escargot de Bourgogne";"0";"0";"0";"https://www.qubs.fr/upload/medias/escargot2-6462267ff1649911764779.jpg";"https://www.qubs.fr/upload/medias/escargot-3-6462267ff1ab2484363849.jpg";"https://www.qubs.fr/upload/medias/escargot-4-6462267ff1e29787184151.jpg";""
"393";"https://www.qubs.fr/upload/medias/20230515-64624ca42a539214559688.jpg";"L'Escargot de Bourgogne";"0";"0";"0";"https://www.qubs.fr/upload/medias/20230503-nid-de-gros-64624ca427217312728959.jpg";NA;NA;""
"393";"https://www.qubs.fr/upload/medias/20230515-64624ca42a539214559688.jpg";"L'Escargot de Bourgogne";"0";"0";"0";"https://www.qubs.fr/upload/medias/20230503-nid-de-gros-64624ca427b3f084484848.jpg";"https://www.qubs.fr/upload/medias/20230503-gros-64624ca4296c4577648409.jpg";NA;""
"393";"https://www.qubs.fr/upload/medias/20230515-64624ca42a539214559688.jpg";"L'Escargot de Bourgogne";"0";"0";"0";"https://www.qubs.fr/upload/medias/20230503-nid-de-gros-64624ca429e09195142432.jpg";"https://www.qubs.fr/upload/medias/dessous-abri1-64624ca42a1df786679671.jpg";NA;""
"394";"https://www.qubs.fr/upload/medias/20230515-150557-64624ed614bc5870719594.jpg";"La Veloutée plane";"1";"0";"0";"https://www.qubs.fr/upload/medias/20230515-150557-64624ed60edd1387227575.jpg";"https://www.qubs.fr/upload/medias/20230515-151206-64624ed6108cc951371979.jpg";"https://www.qubs.fr/upload/medias/20230515-150950-64624ed6133ef091360976.jpg";""
"395";"https://www.qubs.fr/upload/medias/abri2b-64624f4f57748087384044.jpg";"L'Escargot de Bourgogne";"0";"0";"0";"https://www.qubs.fr/upload/medias/20230515-64624f4f57093839855972.jpg";NA;NA;""
"396";"https://www.qubs.fr/upload/medias/20230515-183214-1-6462645caac0f274156435.jpg";"Le Petit-gris";"0";"0";"0";"https://www.qubs.fr/upload/medias/20230515-183316-1-6462645ca8629318917484.jpg";"https://www.qubs.fr/upload/medias/20230515-183344-1-6462645ca9394877525242.jpg";"https://www.qubs.fr/upload/medias/20230515-183301-1-6462645ca9f93925111137.jpg";""
"397";"https://www.qubs.fr/upload/medias/20230515-182640-646265de7cd25215294786.jpg";NA;"0";NA;NA;NA;NA;NA;""
"398";"https://www.qubs.fr/upload/medias/img-0032-646273a95c3bd105882824.jpeg";NA;"0";"1";"0";"https://www.qubs.fr/upload/medias/image-646273a95a51b828761805.jpg";"https://www.qubs.fr/upload/medias/image-646273a95b390003525223.jpg";NA;""
"399";"https://www.qubs.fr/upload/medias/20230515-161423-64628630d53d7996496803.jpg";"Le Petit-gris";"0";"0";"0";"https://www.qubs.fr/upload/medias/20230515-161444-64628630d473f575464873.jpg";NA;NA;""
"400";"https://www.qubs.fr/upload/medias/9bd55c19-ffb9-4047-92a9-5d695eb9daa6-646287e87b11f884332882.jpeg";NA;"0";"1";"0";"https://www.qubs.fr/upload/medias/94011198-6b5a-406d-83ff-943e32d6f2ac-646287e879b7a440794134.jpeg";NA;NA;""
"401";"https://www.qubs.fr/upload/medias/20230515-194244-64628a4f7bae1790195865.jpg";NA;"0";NA;NA;NA;NA;NA;"Notre jardin est un refuge, nous accueillons également les escargots balancés sur la chaussée par les voisins. Certains ont de belles cicatrisations."
"411";"https://www.qubs.fr/upload/medias/image-6463abed64385132578106.jpg";"Le Petit-gris";"1";"0";"0";"https://www.qubs.fr/upload/medias/image-6463abed5f8b2835684004.jpg";"https://www.qubs.fr/upload/medias/image-6463abed61da8177872260.jpg";"https://www.qubs.fr/upload/medias/image-6463abed633b3495985170.jpg";""
"414";"https://www.qubs.fr/upload/medias/img-0050-64649d3ed71ad900789030.jpeg";"Les Escargots des haies, jardins, forêts";"1";"0";"0";"https://www.qubs.fr/upload/medias/img-0053-64649d3ed2639318079723.jpeg";"https://www.qubs.fr/upload/medias/img-0052-64649d3ed50bd658799964.jpeg";"https://www.qubs.fr/upload/medias/image-64649d3ed6477714857562.jpg";""
"415";"https://www.qubs.fr/upload/medias/d6296ccc-8cef-49a1-8e56-be634dd5a465-64650df0c2fa1973709147.jpeg";NA;"0";"1";"0";"https://www.qubs.fr/upload/medias/1340615f-14b6-4de8-b7d9-2a64f977088e-64650df0c045c359822129.jpeg";NA;NA;"Premier relevé de ma part. J'aurais besoin de votre aide pour déterminé de quel espèce il s'agit. Merci d'avance !"
"418";"https://www.qubs.fr/upload/medias/tempimageyoehnl-6465fff20977f596911845.jpg";NA;"0";"1";"0";"https://www.qubs.fr/upload/medias/tempimagedvtgja-6465fff1eea79984826539.jpg";NA;"https://www.qubs.fr/upload/medias/tempimageebszt0-6465fff1efc11626600733.jpg";""
"418";"https://www.qubs.fr/upload/medias/tempimageyoehnl-6465fff20977f596911845.jpg";NA;"0";"1";"0";"https://www.qubs.fr/upload/medias/tempimage5s2lfr-6465fff1f1423291333312.jpg";"https://www.qubs.fr/upload/medias/tempimageua2ayx-6465fff1f3a10142832683.jpg";"https://www.qubs.fr/upload/medias/tempimageipfpul-6465fff200b84002007373.jpg";""
"418";"https://www.qubs.fr/upload/medias/tempimageyoehnl-6465fff20977f596911845.jpg";NA;"0";"1";"0";"https://www.qubs.fr/upload/medias/tempimagesyzsvp-6465fff2037aa355080638.jpg";"https://www.qubs.fr/upload/medias/tempimageeqqbjo-6465fff205705265666416.jpg";"https://www.qubs.fr/upload/medias/tempimaget0hli0-6465fff206be9604939788.jpg";""
"419";"https://www.qubs.fr/upload/medias/img-0946-6466243d83014188753574.jpg";"Le Petit-gris";"0";"0";"0";"https://www.qubs.fr/upload/medias/img-0946-6466243d814dd370830770.jpg";NA;NA;""
"420";"https://www.qubs.fr/upload/medias/20230518-145411-6466248cf0741840719375.jpg";"Le Petit-gris";"0";"0";"0";"https://www.qubs.fr/upload/medias/20230518-145512-6466248ceec5b541185136.jpg";"https://www.qubs.fr/upload/medias/20230518-145624-6466248cefb85869496215.jpg";NA;"Sur les 5 escargots,  un de ceux-ci n'est pas sz la même couleur."
"421";"https://www.qubs.fr/upload/medias/img-0947-6466269784c32809629881.jpg";"Le Petit-gris";"1";"0";"0";"https://www.qubs.fr/upload/medias/img-0947-6466269780ba3625169782.jpg";NA;NA;""
"421";"https://www.qubs.fr/upload/medias/img-0947-6466269784c32809629881.jpg";"Le Petit-gris";"0";"0";"0";"https://www.qubs.fr/upload/medias/img-0945-646626978370f007770384.jpg";NA;NA;""
"425";"https://www.qubs.fr/upload/medias/344543271-1253677735521959-4525566251121196325-n-64665ea67b559943750066.jpg";"Les Escargots des haies, jardins, forêts";"1";"0";"0";"https://www.qubs.fr/upload/medias/344543271-1253677735521959-4525566251121196325-n-64665ea67a8e4409927860.jpg";"https://www.qubs.fr/upload/medias/344592898-1105860094138523-4179582599100865177-n-64665ea67ae01912212675.jpg";"https://www.qubs.fr/upload/medias/344527511-998619531320030-9212352663513804361-n-64665ea67b208138132297.jpg";""
"426";"https://www.qubs.fr/upload/medias/344745735-608594424339893-884780412411976598-n-64665f9444b74274065764.jpg";"Les Grandes Loches, formes rouges";"0";"0";"0";"https://www.qubs.fr/upload/medias/344607789-628869542440048-1440087905873059394-n-64665f94444d6012875223.jpg";NA;NA;""
"427";"https://www.qubs.fr/upload/medias/344615200-162980909841544-285619837524018386-n-64666203e726b418614514.jpg";NA;"0";"1";"0";"https://www.qubs.fr/upload/medias/345164298-554173079990940-5455281101885791555-n-64666203e48b7393734029.jpg";NA;NA;""
"428";"https://www.qubs.fr/upload/medias/344595443-1289701995286813-7862913376510076942-n-64666387afd37217363197.jpg";"La Veloutée plane";"0";"0";"0";"https://www.qubs.fr/upload/medias/344595443-1289701995286813-7862913376510076942-n-64666387af313995729377.jpg";"https://www.qubs.fr/upload/medias/344594135-1038033377164146-3867772793855625975-n-64666387af830677875747.jpg";NA;""
"430";"https://www.qubs.fr/upload/medias/image-646714b02de02842107550.jpg";NA;"0";NA;NA;NA;NA;NA;""
"431";"https://www.qubs.fr/upload/medias/20230519-141858-64676a7304787673854342.jpg";NA;"0";"1";"0";"https://www.qubs.fr/upload/medias/20230519-141911-64676a7301c4a312071140.jpg";NA;NA;""
"431";"https://www.qubs.fr/upload/medias/20230519-141858-64676a7304787673854342.jpg";NA;"0";"1";"0";"https://www.qubs.fr/upload/medias/20230519-141858-64676a7303435676138138.jpg";NA;NA;""
"433";"https://www.qubs.fr/upload/medias/img-20230518-094338-64685455d5dcc708538133.jpg";NA;"0";"1";"0";"https://www.qubs.fr/upload/medias/img-20230520-064524-64685455d0560575072648.jpg";"https://www.qubs.fr/upload/medias/img-20230520-064507-64685455d2153879670549.jpg";"https://www.qubs.fr/upload/medias/img-20230520-064510-64685455d364e141732295.jpg";""
"434";"https://www.qubs.fr/upload/medias/img-9472-6468682438e12795974425.jpeg";NA;"0";"1";"0";"https://www.qubs.fr/upload/medias/img-9471-646868243718a115224210.jpeg";NA;NA;""
"437";"https://www.qubs.fr/upload/medias/16846544701848556939531892331037-6469ca965bd61948470575.jpg";NA;"0";"1";"0";"https://www.qubs.fr/upload/medias/16846545079587117547823723792445-6469ca9656149618674662.jpg";"https://www.qubs.fr/upload/medias/16846545264116466761885932798997-6469ca9658a4d681611955.jpg";"https://www.qubs.fr/upload/medias/16846545873857300327001196950353-6469ca965a481266088507.jpg";""
"438";"https://www.qubs.fr/upload/medias/16846694512893839246569678662793-646a0491d272c440085080.jpg";NA;"0";"1";"0";"https://www.qubs.fr/upload/medias/16846694781964900178215060442779-646a0491ccaca710752446.jpg";"https://www.qubs.fr/upload/medias/16846695010341392763239899432883-646a0491cf549556741694.jpg";"https://www.qubs.fr/upload/medias/16846695218644232772974066612670-646a0491d07f4791403020.jpg";""
"439";"https://www.qubs.fr/upload/medias/16846697939045205063342387386997-646a05c1599c0439715111.jpg";NA;"0";NA;NA;NA;NA;NA;""
"441";"https://www.qubs.fr/upload/medias/telecharger-646b691b0c30c180218000.jpg";NA;"0";NA;NA;NA;NA;NA;""
"442";"https://www.qubs.fr/upload/medias/1f2c953f-af56-4073-b91e-d95eb7deb69d-646bb132b58bc555351213.jpeg";"Les Grandes Limaces";"0";"0";"0";"https://www.qubs.fr/upload/medias/9a764e4a-8f36-4d82-ba54-7fae458ab555-646bb132ae6af400749517.jpeg";NA;"https://www.qubs.fr/upload/medias/a60b6064-8bc2-49c5-ac64-d4f2286025cf-646bb132af2a5114053713.jpeg";""
"442";"https://www.qubs.fr/upload/medias/1f2c953f-af56-4073-b91e-d95eb7deb69d-646bb132b58bc555351213.jpeg";"Les Grandes Loches, formes rouges";"0";"0";"0";"https://www.qubs.fr/upload/medias/3ec1abce-2276-4092-b401-0d5a372e5054-646bb132b33c6355629723.jpeg";NA;"https://www.qubs.fr/upload/medias/33f1ad2f-4440-40a8-bc4a-0fbb45be9a2b-646bb132b3f3e050411633.jpeg";""
"447";"https://www.qubs.fr/upload/medias/image-646dca471a85b294783278.jpg";NA;"0";"1";"0";"https://www.qubs.fr/upload/medias/image-646dca4715a49749189463.jpg";"https://www.qubs.fr/upload/medias/image-646dca471863f089565103.jpg";"https://www.qubs.fr/upload/medias/image-646dca471963e088187381.jpg";""
"448";"https://www.qubs.fr/upload/medias/20230524-122700-646de92791158811913394.jpg";NA;"0";"1";"0";"https://www.qubs.fr/upload/medias/20230524-122744-646de9278c92e826694291.jpg";NA;NA;""
"448";"https://www.qubs.fr/upload/medias/20230524-122700-646de92791158811913394.jpg";NA;"0";"1";"0";"https://www.qubs.fr/upload/medias/20230524-122803-646de9278fe64137290752.jpg";NA;NA;""
"449";"https://www.qubs.fr/upload/medias/20230524-144634-1-646e08605976d279243758.jpg";"L'Escargot Mourguéta";"0";"0";"0";"https://www.qubs.fr/upload/medias/20230524-144619-1-646e08605712c941194679.jpg";NA;NA;""
"451";"https://www.qubs.fr/upload/medias/img-20230515-182256672-646fb87704245813628070.jpg";NA;"0";"1";"0";"https://www.qubs.fr/upload/medias/img-20230428-153151825-646fb876f3c90812614411.jpg";"https://www.qubs.fr/upload/medias/img-20230515-182219277-646fb87701dcc899530112.jpg";NA;""
"454";"https://www.qubs.fr/upload/medias/img-0793-6471bbf2ecd51523253955.jpeg";"Les Hélicelles";"0";"0";"0";"https://www.qubs.fr/upload/medias/image-6471bbf2e6af6312300648.jpg";"https://www.qubs.fr/upload/medias/image-6471bbf2e8bfa902068995.jpg";"https://www.qubs.fr/upload/medias/image-6471bbf2eab88594332061.jpg";""
"455";"https://www.qubs.fr/upload/medias/img-20230527-183543-647237db336a8397111788.jpg";"Le Petit-gris";"0";"0";"0";"https://www.qubs.fr/upload/medias/img-20230527-183759-647237db2d628933112770.jpg";"https://www.qubs.fr/upload/medias/img-20230527-183819-647237db30134975208051.jpg";"https://www.qubs.fr/upload/medias/img-20230527-183812-647237db31310482921012.jpg";""
"456";"https://www.qubs.fr/upload/medias/img-20230527-182553-647239d631926872511460.jpg";"Le Petit-gris";"0";"0";"0";"https://www.qubs.fr/upload/medias/img-20230527-182729-647239d62b83d008287797.jpg";"https://www.qubs.fr/upload/medias/img-20230527-182741-647239d62e673695905816.jpg";"https://www.qubs.fr/upload/medias/img-20230527-182718-647239d62f774839471436.jpg";""
"457";"https://www.qubs.fr/upload/medias/1685264765437974966089752328898-64731a513a0e3052330073.jpg";NA;"0";"1";"0";"https://www.qubs.fr/upload/medias/16852647862518536033797206841021-64731a512cb58933099410.jpg";"https://www.qubs.fr/upload/medias/16852648058707494230251254176311-64731a512fac6673325324.jpg";"https://www.qubs.fr/upload/medias/16852648225024342275257106734464-64731a5131265939201210.jpg";""
"457";"https://www.qubs.fr/upload/medias/1685264765437974966089752328898-64731a513a0e3052330073.jpg";NA;"0";"1";"0";"https://www.qubs.fr/upload/medias/16852648601167859759940079319456-64731a5133ea3809232474.jpg";"https://www.qubs.fr/upload/medias/16852648856843757550536054974934-64731a5135755767490603.jpg";"https://www.qubs.fr/upload/medias/16852649032167754496509926666528-64731a51381e7903884781.jpg";""
"458";"https://www.qubs.fr/upload/medias/16852850778597037070245058038234-64736a3fd97ef576835863.jpg";"L'Escargot de Bourgogne";"1";"0";"0";"https://www.qubs.fr/upload/medias/16852851631815123906270817101842-64736a3fd5f5f130311257.jpg";"https://www.qubs.fr/upload/medias/16852851836507621417832978149289-64736a3fd72f9074346279.jpg";"https://www.qubs.fr/upload/medias/16852852059853621960444231199141-64736a3fd84b8887609792.jpg";"Les escargots (et les limaces) raffolent des excréments félins."
"459";"https://www.qubs.fr/upload/medias/p-20230529-145513-6475ccad086b3122676859.jpg";NA;"0";"1";"0";"https://www.qubs.fr/upload/medias/p-20230527-155150-6475ccad05bde024849526.jpg";NA;NA;""
"460";"https://www.qubs.fr/upload/medias/20230515-150557-6475ec5d4453c327851873.jpg";"La Veloutée plane";"1";"0";"0";"https://www.qubs.fr/upload/medias/20230515-151206-6475ec5d3c389430738343.jpg";NA;"https://www.qubs.fr/upload/medias/20230515-150950-6475ec5d406e7462026423.jpg";""
"462";"https://www.qubs.fr/upload/medias/348380617-1723138268098113-4003678410853391255-n-6475f56f668ed249926970.jpg";"L'Escargot de Quimper";"0";"0";"0";"https://www.qubs.fr/upload/medias/348380617-1723138268098113-4003678410853391255-n-6475f56f648d9324123993.jpg";NA;NA;""
"464";"https://www.qubs.fr/upload/medias/img-1364-64774216c2c9a620618294.jpg";"Le Petit-gris";"0";"0";"0";NA;NA;"https://www.qubs.fr/upload/medias/img-1364-64774216bdcdf399973180.jpg";""
"464";"https://www.qubs.fr/upload/medias/img-1364-64774216c2c9a620618294.jpg";"Les Escargots des haies, jardins, forêts";"1";"0";"0";"https://www.qubs.fr/upload/medias/haie-64774216c06ea349352224.png";NA;"https://www.qubs.fr/upload/medias/img-1337-64774216c0b4a057655367.jpg";""
"467";"https://www.qubs.fr/upload/medias/image-6478df09a2827372154075.jpg";"Le Bulime inverse";"0";"0";"0";"https://www.qubs.fr/upload/medias/image-6478df099ac72248130768.jpg";"https://www.qubs.fr/upload/medias/image-6478df099d65f982559071.jpg";NA;""
"467";"https://www.qubs.fr/upload/medias/image-6478df09a2827372154075.jpg";"Les Grandes Loches, formes noires";"0";"0";"0";NA;NA;"https://www.qubs.fr/upload/medias/image-6478df099fa94854090996.jpg";""
"472";"https://www.qubs.fr/upload/medias/escargots-lyon-03-06-2023-abri-camelias-5-647b1ed538d6f005875397.jpg";NA;"0";NA;NA;NA;NA;NA;"Sous chaque pot et chaque tuile les escargots se réfugient pour éviter les hérissons .  D'autres escargots différents habitent le jardin , à suivre ."
"473";"https://www.qubs.fr/upload/medias/20230603-141956-647b35a41dea2223966075.jpg";"L'Escargot turc";"0";"0";"0";"https://www.qubs.fr/upload/medias/20230603-143535-647b35a4192c0199991775.jpg";NA;"https://www.qubs.fr/upload/medias/20230603-143521-647b35a41a46c811116908.jpg";""
"473";"https://www.qubs.fr/upload/medias/20230603-141956-647b35a41dea2223966075.jpg";"Le Petit-gris";"0";"0";"0";"https://www.qubs.fr/upload/medias/20230603-143559-647b35a41c1be607202343.jpg";NA;"https://www.qubs.fr/upload/medias/20230603-143609-647b35a41d1c6737656931.jpg";""
"475";"https://www.qubs.fr/upload/medias/image-123927839-647c4edfdf39d466362902.jpg";"Le Petit-gris";"1";"0";"0";"https://www.qubs.fr/upload/medias/image-6487327-3-647c4edfdabf0629727119.jpg";"https://www.qubs.fr/upload/medias/image-6487327-1-647c4edfdb94c625035107.jpg";"https://www.qubs.fr/upload/medias/image-6487327-2-647c4edfde251955589135.jpg";""
"477";"https://www.qubs.fr/upload/medias/pxl-20230604-080335059-mp-647c92bcde8c7643076628.jpg";"Le Petit-gris";"1";"0";"0";"https://www.qubs.fr/upload/medias/pxl-20230604-080406197-mp-647c92bccca96044119238.jpg";NA;"https://www.qubs.fr/upload/medias/pxl-20230604-080350817-mp-647c92bcd3374814491422.jpg";""
"477";"https://www.qubs.fr/upload/medias/pxl-20230604-080335059-mp-647c92bcde8c7643076628.jpg";"L'Escargot turc";"0";"0";"0";"https://www.qubs.fr/upload/medias/pxl-20230604-080413391-mp-647c92bcd585f139847964.jpg";NA;"https://www.qubs.fr/upload/medias/pxl-20230604-080446450-mp-647c92bcd90ed555328287.jpg";""
"477";"https://www.qubs.fr/upload/medias/pxl-20230604-080335059-mp-647c92bcde8c7643076628.jpg";NA;"0";"1";"0";"https://www.qubs.fr/upload/medias/pxl-20230604-080429162-mp-647c92bcdbae1129905949.jpg";NA;NA;""
"478";"https://www.qubs.fr/upload/medias/16860036725297330662707307333034-647e6aef10b63968700311.jpg";NA;"0";"0";"0";"https://www.qubs.fr/upload/medias/16860037211896383697530903037268-647e6aef0ed52743523163.jpg";NA;NA;"La Lissachatine a envahi le jardin depuis 2020 et il a exterminé les autres especes d'escargots. On ne peut pas le manipuler parce que vecteur de parasites "
"479";"https://www.qubs.fr/upload/medias/image-647f550c18624333185603.jpg";NA;"0";"1";"0";"https://www.qubs.fr/upload/medias/image-647f550c11f01144069927.jpg";"https://www.qubs.fr/upload/medias/image-647f550c145bc556668277.jpg";"https://www.qubs.fr/upload/medias/image-647f550c1590f598024862.jpg";""
"480";"https://www.qubs.fr/upload/medias/pxl-20230605-092349149-647f6881abebb205350731.jpg";NA;"0";"1";"0";NA;"https://www.qubs.fr/upload/medias/pxl-20230605-092349149-647f6881a9b27369427317.jpg";NA;""
"481";"https://www.qubs.fr/upload/medias/photo-1mois-sous-planche-64805c6209837044327860.jfif";"Le Bulime tronqué";"0";"0";"0";"https://www.qubs.fr/upload/medias/photo-1mois-sous-plat-64805c61f2e35426413749.jfif";"https://www.qubs.fr/upload/medias/photo-1mois-sous-planche-64805c6204b55160030628.jfif";NA;""
"481";"https://www.qubs.fr/upload/medias/photo-1mois-sous-planche-64805c6209837044327860.jfif";"Les Luisants";"0";"0";"0";"https://www.qubs.fr/upload/medias/photo-1mois-sous-planche-64805c6206eaa353196675.jfif";NA;NA;""
"482";"https://www.qubs.fr/upload/medias/img-20230607-211341-64819b1b1442b632265327.jpg";"Les Grandes Limaces";"0";"0";"0";"https://www.qubs.fr/upload/medias/img-20230507-172915-64819b1b0ee18945494320.jpg";NA;NA;""
"482";"https://www.qubs.fr/upload/medias/img-20230607-211341-64819b1b1442b632265327.jpg";NA;"0";"0";"1";"https://www.qubs.fr/upload/medias/img-20230607-211341-64819b1b11f0d128582624.jpg";NA;NA;""
"484";"https://www.qubs.fr/upload/medias/p1090219-6484a31e7e05e735414900.jpg";"Le Petit-gris";"1";"0";"0";"https://www.qubs.fr/upload/medias/p1090221-6484a31e578ae796819342.jpg";"https://www.qubs.fr/upload/medias/p1090258-6484a31e60cf2976821200.jpg";"https://www.qubs.fr/upload/medias/p1090260-6484a31e6776d160439129.jpg";"Nous avons observées 25 escargots. Ils se trouvaient uniquement dessous l'abri en bois. On ne peut pas mettre l'ensemble de la collecte sur une seule photo car il a plusieurs morceaux de bois. Il y avait 22 petits-gris et 3 escargots des haies/jardins/forêt (2 jaunes et 1 orange)"
"484";"https://www.qubs.fr/upload/medias/p1090219-6484a31e7e05e735414900.jpg";"Les Escargots des haies, jardins, forêts";"1";"0";"0";"https://www.qubs.fr/upload/medias/p1090223-6484a31e690ff941472513.jpg";"https://www.qubs.fr/upload/medias/p1090249-6484a31e6a0a0232426933.jpg";"https://www.qubs.fr/upload/medias/p1090251-6484a31e6afc6658374392.jpg";"Nous avons observées 25 escargots. Ils se trouvaient uniquement dessous l'abri en bois. On ne peut pas mettre l'ensemble de la collecte sur une seule photo car il a plusieurs morceaux de bois. Il y avait 22 petits-gris et 3 escargots des haies/jardins/forêt (2 jaunes et 1 orange)"
"484";"https://www.qubs.fr/upload/medias/p1090219-6484a31e7e05e735414900.jpg";"Les Escargots des haies, jardins, forêts";"1";"0";"0";"https://www.qubs.fr/upload/medias/p1090228-6484a31e6c4cf822518619.jpg";NA;"https://www.qubs.fr/upload/medias/p1090226-6484a31e7ce88512964303.jpg";"Nous avons observées 25 escargots. Ils se trouvaient uniquement dessous l'abri en bois. On ne peut pas mettre l'ensemble de la collecte sur une seule photo car il a plusieurs morceaux de bois. Il y avait 22 petits-gris et 3 escargots des haies/jardins/forêt (2 jaunes et 1 orange)"
"485";"https://www.qubs.fr/upload/medias/p1090238-6484aaaa488bd230450648.jpg";"Le Petit-gris";"1";"0";"0";"https://www.qubs.fr/upload/medias/p1090268-6484aaaa385b7940673436.jpg";"https://www.qubs.fr/upload/medias/p1090269-6484aaaa39786894250947.jpg";"https://www.qubs.fr/upload/medias/p1090271-6484aaaa3a6d7997677930.jpg";""
"485";"https://www.qubs.fr/upload/medias/p1090238-6484aaaa488bd230450648.jpg";NA;"0";"1";"0";"https://www.qubs.fr/upload/medias/p1090261-6484aaaa3c02d212361607.jpg";"https://www.qubs.fr/upload/medias/p1090267-6484aaaa3e702885046430.jpg";"https://www.qubs.fr/upload/medias/p1090265-6484aaaa406ac790168413.jpg";""
"485";"https://www.qubs.fr/upload/medias/p1090238-6484aaaa488bd230450648.jpg";"Les Escargots des haies, jardins, forêts";"1";"0";"0";"https://www.qubs.fr/upload/medias/p1090272-6484aaaa41ed2697961585.jpg";"https://www.qubs.fr/upload/medias/p1090274-6484aaaa454f7382530285.jpg";"https://www.qubs.fr/upload/medias/p1090277-6484aaaa4643c527837740.jpg";""
"486";"https://www.qubs.fr/upload/medias/20230611-121706-6485dd153ecaa034099594.jpg";NA;"0";NA;NA;NA;NA;NA;"nombreuses fourmis et nombreuses larves de fourmis, mais aucun escargot"
"487";"https://www.qubs.fr/upload/medias/img-0031-6486dc96735be256494728.jpg";"Le Petit-gris";"1";"0";"0";"https://www.qubs.fr/upload/medias/img-0031-6486dc966ffb9182192268.jpg";NA;NA;""
"488";"https://www.qubs.fr/upload/medias/img-0035-6486dd9056009926108217.jpg";"Le Petit-gris";"1";"0";"0";"https://www.qubs.fr/upload/medias/img-0033-6486dd9054c3c440040795.jpg";NA;NA;""
"491";"https://www.qubs.fr/upload/medias/image-64873b4354532636270536.jpg";"Le Petit-gris";"1";"0";"0";"https://www.qubs.fr/upload/medias/image-64873b434e085104623248.jpg";"https://www.qubs.fr/upload/medias/image-64873b434f122308507173.jpg";"https://www.qubs.fr/upload/medias/image-64873b435110c787116953.jpg";""
"492";"https://www.qubs.fr/upload/medias/352686914-241855741889733-232268296431978290-n-6489b6620aca8281634078.jpg";NA;"0";"1";"0";"https://www.qubs.fr/upload/medias/352845189-1006548294053460-6827754236206801434-n-6489b66203075861309161.jpg";NA;"https://www.qubs.fr/upload/medias/352686914-241855741889733-232268296431978290-n-6489b66203779848427484.jpg";""
"492";"https://www.qubs.fr/upload/medias/352686914-241855741889733-232268296431978290-n-6489b6620aca8281634078.jpg";NA;"0";"1";"0";"https://www.qubs.fr/upload/medias/352826921-990090062129050-7349054379434909690-n-6489b66205f25662001175.jpg";NA;NA;""
"493";"https://www.qubs.fr/upload/medias/20230615-184200-648b73e4a3448855240164.jpg";"Le Petit-gris";"1";"0";"0";"https://www.qubs.fr/upload/medias/20230615-184230-648b73e499fc9376007872.jpg";"https://www.qubs.fr/upload/medias/20230615-184236-648b73e49b1ed681609182.jpg";"https://www.qubs.fr/upload/medias/20230615-184240-648b73e49c186364028626.jpg";""
"493";"https://www.qubs.fr/upload/medias/20230615-184200-648b73e4a3448855240164.jpg";"Le Petit-gris";"1";"0";"0";"https://www.qubs.fr/upload/medias/20230615-184324-648b73e49dc83889262970.jpg";"https://www.qubs.fr/upload/medias/20230615-184331-648b73e49f33f316280686.jpg";NA;""
"493";"https://www.qubs.fr/upload/medias/20230615-184200-648b73e4a3448855240164.jpg";"Le Petit-gris";"1";"0";"0";"https://www.qubs.fr/upload/medias/20230615-184421-648b73e4a11b1235295349.jpg";"https://www.qubs.fr/upload/medias/20230615-184427-648b73e4a213a126935285.jpg";NA;""
"494";"https://www.qubs.fr/upload/medias/f0ce8ea9-4281-4a8c-90bd-97aed79b3fa1-648d57b9bab70761190891.jpeg";"Les Hélicelles";"0";"0";"0";"https://www.qubs.fr/upload/medias/52da1c0b-e61c-4159-a708-6e89071c2eef-648d57b9b20e9735454975.jpeg";"https://www.qubs.fr/upload/medias/37b16567-2fee-4df8-9fb1-8deb4efb4f1c-648d57b9b6887429948778.jpeg";"https://www.qubs.fr/upload/medias/d4e922b2-b238-4e75-81df-26b9695a601d-648d57b9b7c58499947124.jpeg";""
"494";"https://www.qubs.fr/upload/medias/f0ce8ea9-4281-4a8c-90bd-97aed79b3fa1-648d57b9bab70761190891.jpeg";"Les Grandes Limaces";"0";"0";"0";"https://www.qubs.fr/upload/medias/d6f34182-b4ed-4808-a149-4b80824bcf8c-648d57b9b8d3c043813837.jpeg";NA;NA;""
"494";"https://www.qubs.fr/upload/medias/f0ce8ea9-4281-4a8c-90bd-97aed79b3fa1-648d57b9bab70761190891.jpeg";NA;"0";"1";"0";"https://www.qubs.fr/upload/medias/54affbfa-9ee1-4d89-b4cf-ad0f145b81d3-648d57b9b9d6a725139034.jpeg";NA;NA;""
"495";"https://www.qubs.fr/upload/medias/img-2965-648f22e1c1f2d979432361.jpeg";NA;"0";"1";"0";"https://www.qubs.fr/upload/medias/img-2968-648f22e1bbb07415867569.jpeg";"https://www.qubs.fr/upload/medias/img-2966-648f22e1bf318756216231.jpeg";"https://www.qubs.fr/upload/medias/img-2969-648f22e1c04b5529554601.jpeg";""
"496";"https://www.qubs.fr/upload/medias/img-1383-648f5da1ab1bb922864907.jpeg";NA;"0";"1";"0";"https://www.qubs.fr/upload/medias/img-1365-648f5da18fca1038091104.jpeg";NA;"https://www.qubs.fr/upload/medias/img-1392-648f5da1a68cd726711170.jpeg";""
"497";"https://www.qubs.fr/upload/medias/img-1399-648f5ee503c7f717612026.jpeg";NA;"0";"1";"0";"https://www.qubs.fr/upload/medias/img-1411-648f5ee501d57604965639.jpeg";NA;"https://www.qubs.fr/upload/medias/img-1394-648f5ee502e0f994323367.jpeg";""
"498";"https://www.qubs.fr/upload/medias/img-1423-648f5ffe2e4c2909603559.jpeg";NA;"0";"1";"0";"https://www.qubs.fr/upload/medias/img-1438-648f5ffe2be94550766137.jpeg";NA;"https://www.qubs.fr/upload/medias/img-1443-648f5ffe2d0ae113040373.jpeg";""
"499";"https://www.qubs.fr/upload/medias/img-1429-648f60fd860ab759357681.jpeg";NA;"0";"1";"0";"https://www.qubs.fr/upload/medias/img-1422-648f60fd83f18314866250.jpeg";NA;"https://www.qubs.fr/upload/medias/img-1428-648f60fd84ff4183995072.jpeg";""
"500";"https://www.qubs.fr/upload/medias/img-0316-648f614aeb49f031148231.jpeg";NA;"0";"1";"0";"https://www.qubs.fr/upload/medias/img-0315-648f614ae7e73665964220.jpeg";"https://www.qubs.fr/upload/medias/img-0314-648f614ae8d86155426751.jpeg";"https://www.qubs.fr/upload/medias/img-0347-648f614aea291696102936.jpeg";""
"508";"https://www.qubs.fr/upload/medias/2023-06-2021-23-105627093711215481348-6491fe8d21402316280894.jpg";"Le Petit-gris";"1";"0";"0";"https://www.qubs.fr/upload/medias/2023-06-2021-28-287202025183019811718-6491fe8d1c3f9356013894.jpg";"https://www.qubs.fr/upload/medias/2023-06-2021-28-461840661705269699555-6491fe8d1d802068874235.jpg";"https://www.qubs.fr/upload/medias/2023-06-2021-29-076613042586519051732-6491fe8d1e887409889615.jpg";""
"512";"https://www.qubs.fr/upload/medias/20230622-212335-6494a6f738444822431719.jpg";"L'Escargot de Bourgogne";"0";"0";"0";"https://www.qubs.fr/upload/medias/20230622-212335-6494a6f736546837612916.jpg";NA;NA;""
"514";"https://www.qubs.fr/upload/medias/16878889951367898760984856344057-649b263866753490871188.jpg";NA;"0";"1";"0";"https://www.qubs.fr/upload/medias/16878891277877533518860845851886-649b26385ebf6548101669.jpg";"https://www.qubs.fr/upload/medias/16878891596154385789822441398368-649b263862b2a419865426.jpg";"https://www.qubs.fr/upload/medias/16878892276593429897771600098123-649b263864104302210901.jpg";"Peu d'escargots à cet emplacement par rapport au reste du jardin (sous bâches dans plantes..."
"515";"https://www.qubs.fr/upload/medias/20230626-101115-649c54054c474350775073.jpg";NA;"0";NA;NA;NA;NA;NA;"Toutes les tiges fanées de feves en supporte des dizaines !"
"517";"https://www.qubs.fr/upload/medias/imgp0018-649ee010cba24372716035.jpg";"Le Petit-gris";"1";"0";"0";"https://www.qubs.fr/upload/medias/imgp0018-649ee010c97d7959592958.jpg";NA;NA;"Il a fait très chaud les jours qui ont suivi la pluie."
"521";"https://www.qubs.fr/upload/medias/image-6487327-2-649fe663176aa031790057.jpg";"Le Petit-gris";"0";"0";"0";"https://www.qubs.fr/upload/medias/image-40041759-1-649fe6630fb19369669722.jpg";"https://www.qubs.fr/upload/medias/image-40041759-649fe66312db1214307233.jpg";"https://www.qubs.fr/upload/medias/image-123927839-1-649fe66316377306110750.jpg";""
"522";"https://www.qubs.fr/upload/medias/0b7ee4b0-5dd1-49f8-91fc-c369ea1899c4-64a0680f4d368997556569.jpeg";NA;"0";"1";"0";"https://www.qubs.fr/upload/medias/4f0ec7ee-563c-448b-a260-5a914c86a5f3-64a0680f3fc4d612444444.jpeg";NA;NA;"Pour ce qui est du petit-gris, je ne suis pas sûr, j'attends confirmation de votre part. Également, j'aurais besoin de votre aide sur les deux autres espèces présentes."
"522";"https://www.qubs.fr/upload/medias/0b7ee4b0-5dd1-49f8-91fc-c369ea1899c4-64a0680f4d368997556569.jpeg";NA;"0";"1";"0";"https://www.qubs.fr/upload/medias/1927738f-2d84-4051-8bae-42a940f9f4a5-64a0680f435e3463379159.jpeg";NA;"https://www.qubs.fr/upload/medias/25aba9da-b191-4cb8-aa94-ce7d931e90a7-64a0680f46352329683818.jpeg";"Pour ce qui est du petit-gris, je ne suis pas sûr, j'attends confirmation de votre part. Également, j'aurais besoin de votre aide sur les deux autres espèces présentes."
"522";"https://www.qubs.fr/upload/medias/0b7ee4b0-5dd1-49f8-91fc-c369ea1899c4-64a0680f4d368997556569.jpeg";"Le Petit-gris";"1";"0";"0";"https://www.qubs.fr/upload/medias/2dfd43c7-e9f1-4335-a76f-cb45c7135fc9-64a0680f47aaa947493168.jpeg";NA;"https://www.qubs.fr/upload/medias/9820c185-be73-4563-aa0d-7ad9586d2baf-64a0680f4a0ac403970886.jpeg";"Pour ce qui est du petit-gris, je ne suis pas sûr, j'attends confirmation de votre part. Également, j'aurais besoin de votre aide sur les deux autres espèces présentes."
"525";"https://www.qubs.fr/upload/medias/20230702-183600-64a1bc6d82054765608177.jpg";"Le Petit-gris";"1";"0";"0";"https://www.qubs.fr/upload/medias/20230702-183600-64a1bc6d80ea3962820406.jpg";NA;NA;""
"542";"https://www.qubs.fr/upload/medias/27098479-7938-4079-9e7e-63b7a33655b6-64abff96923b6079125412.jpeg";NA;"0";"1";"0";"https://www.qubs.fr/upload/medias/6bbc48ae-1283-4150-b449-be51ff497839-64abff968fb7b855342170.jpeg";NA;NA;""
"543";"https://www.qubs.fr/upload/medias/20230710-110226-64ac1f21118a3201085631.jpg";"Le Petit-gris";"1";"0";"0";"https://www.qubs.fr/upload/medias/20230710-110620-64ac1f210625a474836824.jpg";"https://www.qubs.fr/upload/medias/20230710-110754-64ac1f210746f028453751.jpg";"https://www.qubs.fr/upload/medias/20230710-111007-64ac1f21084db790479946.jpg";"Tuiles proches du compost
Puie très faible la veille"
"543";"https://www.qubs.fr/upload/medias/20230710-110226-64ac1f21118a3201085631.jpg";"Les Escargots des haies, jardins, forêts";"0";"0";"0";"https://www.qubs.fr/upload/medias/20230710-111209-64ac1f210a85f020632080.jpg";"https://www.qubs.fr/upload/medias/20230710-111127-64ac1f210cbea626110190.jpg";"https://www.qubs.fr/upload/medias/20230710-111143-64ac1f210eb04360760542.jpg";"Tuiles proches du compost
Puie très faible la veille"
"553";"https://www.qubs.fr/upload/medias/20230707-140321-64aff37a60ff0328412138.jpg";"Les Boutons";"0";"0";"0";"https://www.qubs.fr/upload/medias/20230707-140321-64aff37a5dde2617671515.jpg";"https://www.qubs.fr/upload/medias/20230707-140321-64aff37a5edb4331441368.jpg";"https://www.qubs.fr/upload/medias/20230707-140321-64aff37a6009b077590060.jpg";"Bonjour,

Je suis désolée, je n'ai qu'une seule photo à vous envoyer. 
Voici le message du petit garçon de 7 ans qui a réalisé l'expérience :
""Je suis très content et c’est Joana m’a proposé de faire ça et j’ai dit oui. J’ai vu un escargot bouton. Joana est très contente de voir cette espèce.""
Merci pour ce petit bonhomme passionné de nature.

Bien cordialement,

Joana Goyhénèche"
"647";"https://www.qubs.fr/upload/medias/image-123927839-64c8bf332870d311968181.jpg";"Le Petit-gris";"1";"0";"0";"https://www.qubs.fr/upload/medias/image-123927839-3-64c8bf33184c7685709569.jpg";"https://www.qubs.fr/upload/medias/image-123927839-2-64c8bf331aeed749831354.jpg";"https://www.qubs.fr/upload/medias/image-123927839-4-64c8bf331e913059271374.jpg";""
"647";"https://www.qubs.fr/upload/medias/image-123927839-64c8bf332870d311968181.jpg";"L'Elégante striée";"0";"0";"0";"https://www.qubs.fr/upload/medias/image-123927839-6-64c8bf3322421517738854.jpg";"https://www.qubs.fr/upload/medias/image-157482271-64c8bf3325176492769804.jpg";"https://www.qubs.fr/upload/medias/image-157482271-1-64c8bf3327659694495820.jpg";""
"649";"https://www.qubs.fr/upload/medias/img-0501-64c92b96e7a57630048721.jpg";"L'Elégante striée";"1";"0";"0";"https://www.qubs.fr/upload/medias/img-0503-64c92b96e5298480914741.jpg";"https://www.qubs.fr/upload/medias/img-0502-64c92b96e563f457482726.jpg";"https://www.qubs.fr/upload/medias/img-0506-64c92b96e586f705819942.jpg";""
"660";"https://www.qubs.fr/upload/medias/pxl-20230807-093118464-64d0c3d0642a4770770042.jpg";"Les Escargots des haies, jardins, forêts";"1";"0";"0";"https://www.qubs.fr/upload/medias/pxl-20230807-093155893-64d0c3d05dc45137521305.jpg";"https://www.qubs.fr/upload/medias/pxl-20230807-093223581-64d0c3d05f6e0818183941.jpg";"https://www.qubs.fr/upload/medias/pxl-20230807-093213358-64d0c3d0629ad905989831.jpg";"+ 1 coquille vide d'escargot des jardins"
"685";"https://www.qubs.fr/upload/medias/20230814-161657-64da38e14b6e7322481769.jpg";"Les Escargots des haies, jardins, forêts";"1";"0";"0";"https://www.qubs.fr/upload/medias/20230814-153927-64da38e13bad9343464190.jpg";"https://www.qubs.fr/upload/medias/20230814-153930-64da38e1400a4252033826.jpg";NA;""
"685";"https://www.qubs.fr/upload/medias/20230814-161657-64da38e14b6e7322481769.jpg";"Les Escargots des haies, jardins, forêts";"1";"0";"0";"https://www.qubs.fr/upload/medias/20230814-154545-64da38e142518641401552.jpg";NA;"https://www.qubs.fr/upload/medias/d29de81d-12fb-498c-ba01-1365af5a8ab5-64da38e146376998976696.jpg";""
"686";"https://www.qubs.fr/upload/medias/20230814-154628-64da3a8e058da143962942.jpg";"Le Petit-gris";"1";"0";"0";"https://www.qubs.fr/upload/medias/20230814-154628-64da3a8e01bcf979217437.jpg";NA;"https://www.qubs.fr/upload/medias/20230814-154632-64da3a8e04dd1329171025.jpg";""
"687";"https://www.qubs.fr/upload/medias/20230814-115049-64db4e4639ae9494935904.jpg";"Le Petit-gris";"1";"0";"0";"https://www.qubs.fr/upload/medias/20230814-115104-64db4e46363ff090500638.jpg";NA;"https://www.qubs.fr/upload/medias/20230814-115057-64db4e4637499454034307.jpg";""
"691";"https://www.qubs.fr/upload/medias/img-20230819-085024-64e0c2614e39f870542972.jpg";NA;"0";NA;NA;NA;NA;NA;""
"698";"https://www.qubs.fr/upload/medias/img-20230827-105411-64eb36a4afbfe429946232.jpg";"Le Petit-gris";"1";"0";"0";"https://www.qubs.fr/upload/medias/img-20230827-105411-64eb36a4a646e196146560.jpg";"https://www.qubs.fr/upload/medias/img-20230827-105746-64eb36a4aacaf220521035.jpg";"https://www.qubs.fr/upload/medias/img-20230827-105437-64eb36a4ad64a322761406.jpg";""
"699";"https://www.qubs.fr/upload/medias/image-6487327-1-64f1bd777bb8f837212603.jpg";"Les Hélicelles";"0";"0";"0";"https://www.qubs.fr/upload/medias/img-1973-64f1bd77628bd369991979.jpg";"https://www.qubs.fr/upload/medias/img-1975-64f1bd7763faf950390479.jpg";"https://www.qubs.fr/upload/medias/img-1979-64f1bd7764dd4670910655.jpg";""
"699";"https://www.qubs.fr/upload/medias/image-6487327-1-64f1bd777bb8f837212603.jpg";"Le Petit-gris";"1";"0";"0";"https://www.qubs.fr/upload/medias/img-1980-64f1bd776641d569178512.jpg";"https://www.qubs.fr/upload/medias/img-1981-64f1bd776a677435205892.jpg";"https://www.qubs.fr/upload/medias/img-1982-64f1bd776b484181419467.jpg";""
"699";"https://www.qubs.fr/upload/medias/image-6487327-1-64f1bd777bb8f837212603.jpg";"L'Elégante striée";"1";"0";"0";"https://www.qubs.fr/upload/medias/img-1983-64f1bd776c898825426176.jpg";"https://www.qubs.fr/upload/medias/img-1984-64f1bd776d69c468079542.jpg";"https://www.qubs.fr/upload/medias/img-1985-64f1bd776e2b4361595646.jpg";""
"699";"https://www.qubs.fr/upload/medias/image-6487327-1-64f1bd777bb8f837212603.jpg";"Le Petit-gris";"0";"0";"0";"https://www.qubs.fr/upload/medias/img-1992-64f1bd776ff6a074647278.jpg";"https://www.qubs.fr/upload/medias/img-1993-64f1bd7770aa1107683874.jpg";"https://www.qubs.fr/upload/medias/img-1995-64f1bd7771b83139239531.jpg";""
"712";"https://www.qubs.fr/upload/medias/20230920-175140-1-650b18889aa04889830678.jpg";"Les Escargots des haies, jardins, forêts";"0";"0";"0";"https://www.qubs.fr/upload/medias/20230920-175809-1-650b188890667046883072.jpg";"https://www.qubs.fr/upload/medias/20230920-175839-1-650b188894d83158315001.jpg";"https://www.qubs.fr/upload/medias/20230920-175849-1-650b188898031606804676.jpg";"J'observe la présence d'une limace d'une taille de 10 cm grise et noire avec des taches noires dont le nom scientifique est Limax maximus."
"727";"https://www.qubs.fr/upload/medias/img-20230927-094638-6513e1b892a07624484402.jpg";NA;"0";NA;NA;NA;NA;NA;""
"732";"https://www.qubs.fr/upload/medias/img-2164-651937c7d40a3122343620.jpg";"Le Petit-gris";"1";"0";"0";"https://www.qubs.fr/upload/medias/img-2168-651937c7cc5d9208809236.jpg";"https://www.qubs.fr/upload/medias/img-2169-651937c7cf322877953454.jpg";"https://www.qubs.fr/upload/medias/img-2171-651937c7d1fe0616128415.jpg";""
"752";"https://www.qubs.fr/upload/medias/3escargots-6533df0c9f858177294697.jpg";NA;"0";"1";"0";"https://www.qubs.fr/upload/medias/escargot-a-6533df0c9cf79207009526.jpg";NA;"https://www.qubs.fr/upload/medias/escargot-a4-6533df0c9e67d428444974.jpg";""
"753";"https://www.qubs.fr/upload/medias/20231021-154357-6534eea846df6414825877.jpg";"Le Petit-gris";"1";"0";"0";"https://www.qubs.fr/upload/medias/20231021-154438-6534eea83d78b609756882.jpg";"https://www.qubs.fr/upload/medias/20231021-154447-6534eea8402a1404861288.jpg";"https://www.qubs.fr/upload/medias/20231021-154429-6534eea844061596053724.jpg";""
"760";"https://www.qubs.fr/upload/medias/img-9070-653e6d3d3e351602473405.jpeg";"Les Escargots des haies, jardins, forêts";"0";"0";"0";"https://www.qubs.fr/upload/medias/img-9076-653e6d3d2e833923310095.jpeg";"https://www.qubs.fr/upload/medias/img-9078-653e6d3d314b0337207364.jpeg";"https://www.qubs.fr/upload/medias/img-9077-653e6d3d33fb2097446013.jpeg";"L'araignée avait tisser sa toile.  "
"760";"https://www.qubs.fr/upload/medias/img-9070-653e6d3d3e351602473405.jpeg";"Les Escargots des haies, jardins, forêts";"0";"0";"0";"https://www.qubs.fr/upload/medias/img-9079-653e6d3d35e53780473558.jpeg";"https://www.qubs.fr/upload/medias/img-9081-653e6d3d3896d069887273.jpeg";"https://www.qubs.fr/upload/medias/img-9080-653e6d3d3aac5405826950.jpeg";"L'araignée avait tisser sa toile.  "
"761";"https://www.qubs.fr/upload/medias/img-9070-653e838fd462e398214989.jpeg";"Les Escargots des haies, jardins, forêts";"0";"0";"0";"https://www.qubs.fr/upload/medias/img-9077-653e838fc6f62909621103.jpeg";"https://www.qubs.fr/upload/medias/img-9078-653e838fc820e311063310.jpeg";"https://www.qubs.fr/upload/medias/img-9076-653e838fca8c8309686176.jpeg";""
"761";"https://www.qubs.fr/upload/medias/img-9070-653e838fd462e398214989.jpeg";"Les Escargots des haies, jardins, forêts";"0";"0";"0";"https://www.qubs.fr/upload/medias/img-9079-653e838fce9df890954054.jpeg";"https://www.qubs.fr/upload/medias/img-9081-653e838fd1cfd856130557.jpeg";"https://www.qubs.fr/upload/medias/img-9080-653e838fd30af942027793.jpeg";""
"767";"https://www.qubs.fr/upload/medias/escargot-operation-escargot-6543d04eae3c9412881708.jpg";NA;"0";NA;NA;NA;NA;NA;"Un seul escargot qui me semble un juvénile d'Arantia arbustorum, l'Hélice des bois."
"768";"https://www.qubs.fr/upload/medias/img-9699-65464f30c3855838678420.jpg";"Les Escargots des haies, jardins, forêts";"1";"0";"0";"https://www.qubs.fr/upload/medias/e65a1fb8-d705-417f-a771-bdaa1481d505-65464f30bfd4c333806506.jpg";NA;NA;"Le 2 Novembre 2023, j'ai regardé dans mon abri à escargots , et finalement après plus de 2 semaines d'attente ( environ 15 jours ), j'ai enfin trouvé des Gastéropodes ! 

Ces derniers étaient au nombre de 2, ils sont différents, en effet : 

-Le Premier est un escargot des haies, jardins et forêt, de couleur beige clair avec des lignes noires 

-Le deuxième est un escargot à multiple couleur qu'il m'est impossible de nommer

"
"768";"https://www.qubs.fr/upload/medias/img-9699-65464f30c3855838678420.jpg";NA;"0";"1";"0";"https://www.qubs.fr/upload/medias/img-9703-65464f30c1cb7658013222.jpg";NA;NA;"Le 2 Novembre 2023, j'ai regardé dans mon abri à escargots , et finalement après plus de 2 semaines d'attente ( environ 15 jours ), j'ai enfin trouvé des Gastéropodes ! 

Ces derniers étaient au nombre de 2, ils sont différents, en effet : 

-Le Premier est un escargot des haies, jardins et forêt, de couleur beige clair avec des lignes noires 

-Le deuxième est un escargot à multiple couleur qu'il m'est impossible de nommer

"
"773";"https://www.qubs.fr/upload/medias/img-2870-6550fb0583bce857747458.jpg";"Les Grandes Limaces";"0";"0";"0";"https://www.qubs.fr/upload/medias/img-2871-6550fb0571235450978329.jpg";NA;"https://www.qubs.fr/upload/medias/img-2872-6550fb0574ab8436145643.jpg";""
"773";"https://www.qubs.fr/upload/medias/img-2870-6550fb0583bce857747458.jpg";NA;"0";"0";"1";"https://www.qubs.fr/upload/medias/img-2875-6550fb0576f37320547110.jpg";NA;"https://www.qubs.fr/upload/medias/img-2876-6550fb05796db541197701.jpg";""
"773";"https://www.qubs.fr/upload/medias/img-2870-6550fb0583bce857747458.jpg";"Le Petit-gris";"1";"0";"0";"https://www.qubs.fr/upload/medias/img-2882-6550fb057ca6c866886385.jpg";"https://www.qubs.fr/upload/medias/img-2883-6550fb057ec33261235368.jpg";"https://www.qubs.fr/upload/medias/img-2884-6550fb0581064230561375.jpg";""
"777";"https://www.qubs.fr/upload/medias/img-20231119-110552-6559e07de9d0a815608948.jpg";"L'Escargot de Quimper";"0";"0";"0";"https://www.qubs.fr/upload/medias/img-20231119-110728-6559e07de33f6800865291.jpg";"https://www.qubs.fr/upload/medias/img-20231119-110854-6559e07de6356628816747.jpg";"https://www.qubs.fr/upload/medias/img-20231119-110800-6559e07de8269452615104.jpg";""
